5903.18,0.0
5891.37,0.0
5879.59,0.0
5867.84,0.0
5856.12,0.0
5844.44,0.0
5832.8,0.0
5821.22,0.0
5809.69,0.0
5798.22,0.0
5786.81,0.0
5775.47,0.0
5764.21,0.0
5753.02,0.0
5741.91,0.0
5730.9,0.0
5719.97,0.0
5709.13,0.0
5698.38,0.0
5687.73,0.0
5677.18,0.0
5666.73,0.0
5656.38,0.0
5646.13,0.0
5635.98,0.0
5625.94,0.0
5615.99,0.0
5606.16,0.0
5596.42,0.0
5586.78,0.0
5577.24,0.0
5567.8,0.0
5558.46,0.0
5549.21,0.0
5540.07,0.0
5531.02,0.0
5522.05,0.0
5513.18,0.0
5504.4,0.0
5495.7,0.0
5487.1,0.0
5478.57,0.0
5470.12,0.0
5461.75,0.0
5453.47,0.0
5445.25,0.0
5437.1,0.0
5429.03,0.0
5421.02,0.0
5413.08,0.0
5405.2,0.0
5397.38,0.0
5389.62,0.0
5381.91,0.0
5374.26,0.0
5366.65,0.0
5359.1,0.0
5351.59,0.0
5344.12,0.0
5336.68,0.0
5329.29,0.0
5321.93,0.0
5314.61,0.0
5307.31,0.0
5300.04,0.0
5292.8,0.0
5285.58,0.0
5278.38,0.0
5271.21,0.0
5264.05,0.0
5256.91,0.0
5249.78,0.0
5242.67,0.0
5235.56,0.0
5228.48,0.0
5221.4,0.0
5214.33,0.0
5207.27,0.0
5200.23,0.0
5193.2,0.0
5186.18,0.0
5179.17,0.0
5172.17,0.0
5165.2,0.0
5158.24,0.0
5151.3,0.0
5144.38,0.0
5137.49,0.0
5130.63,0.0
5123.8,0.0
5117.0,0.0
5110.24,0.0
5103.52,0.0
5096.84,0.0
5090.21,0.0
5083.63,0.0
5077.1,0.0
5070.61,0.0
5064.19,0.0
5057.81,0.0
5051.49,0.0
5045.22,0.0
5039.01,0.0
5032.84,0.0
5026.73,0.0
5020.66,0.0
5014.64,0.0
5008.66,0.0
5002.72,0.0
4996.82,0.0
4990.94,0.0
4985.1,0.0
4979.29,0.0
4973.5,0.0
4967.74,0.0
4961.99,0.0
4956.26,0.0
4950.56,0.0
4944.87,0.0
4939.19,0.0
4933.53,0.0
4927.89,0.0
4922.27,0.0
4916.66,0.0
4911.07,0.0
4905.49,0.0
4899.93,0.0
4894.38,0.0
4888.84,0.0
4883.3,0.0
4877.77,0.0
4872.24,0.0
4866.71,0.0
4861.17,0.0
4855.62,0.0
4850.06,0.0
4844.49,0.0
4838.9,0.0
4833.3,0.0
4827.67,0.0
4822.02,0.0
4816.35,0.0
4810.64,0.0
4804.91,0.0
4799.14,0.0
4793.33,0.0
4787.48,0.0
4781.59,0.0
4775.65,0.0
4769.65,0.0
4763.6,0.0
4757.48,0.0
4751.31,0.0
4745.08,0.0
4738.77,0.0
4732.41,0.0
4725.98,0.0
4719.5,0.0
4712.96,0.0
4706.38,0.0
4699.76,0.0
4693.11,0.0
4686.45,0.0
4679.78,0.0
4673.13,0.0
4666.5,0.0
4659.9,0.0
4653.34,0.0
4646.84,0.0
4640.41,0.0
4634.04,0.0
4627.75,0.0
4621.55,0.0
4615.43,0.0
4609.4,0.0
4603.46,0.0
4597.61,0.0
4591.86,0.0
4586.2,0.0
4580.63,0.0
4575.16,0.0
4569.76,0.0
4564.46,0.0
4559.23,0.0
4554.1,0.0
4549.04,0.0
4544.06,0.0
4539.15,0.0
4534.32,0.0
4529.56,0.0
4524.86,0.0
4520.24,0.0
4515.69,0.0
4511.19,0.0
4506.77,0.0
4502.4,0.0
4498.09,0.0
4493.85,0.0
4489.66,0.0
4485.52,0.0
4481.44,0.0
4477.42,0.0
4473.44,0.0
4469.52,0.0
4465.65,0.0
4461.82,0.0
4458.04,0.0
4454.31,0.0
4450.62,0.0
4446.97,0.0
4443.37,0.0
4439.81,0.0
4436.29,0.0
4432.8,0.0
4429.36,0.0
4425.95,0.0
4422.58,0.0
4419.24,0.0
4415.94,0.0
4412.67,0.0
4409.43,0.0
4406.22,0.0
4403.05,0.0
4399.9,0.0
4396.78,0.0
4393.69,0.0
4390.62,0.0
4387.58,0.0
4384.57,0.0
4381.58,0.0
4378.62,0.0
4375.68,0.0
4372.76,0.0
4369.87,0.0
4367.0,0.0
4364.15,0.0
4361.32,0.0
4358.51,0.0
4355.72,0.0
4352.95,0.0
4350.19,0.0
4347.46,0.0
4344.75,0.0
4342.05,0.0
4339.37,0.0
4336.7,0.0
4334.05,0.0
4331.42,0.0
4328.8,0.0
4326.2,0.0
4323.61,0.0
4321.04,0.0
4318.48,0.0
4315.94,0.0
4313.41,0.0
4310.89,0.0
4308.38,0.0
4305.89,0.0
4303.41,0.0
4300.95,0.0
4298.49,0.0
4296.05,0.0
4293.62,0.0
4291.2,0.0
4288.79,0.0
4286.39,0.0
4284.0,0.0
4281.63,0.0
4279.26,0.0
4276.91,0.0
4274.56,0.0
4272.22,0.0
4269.89,0.0
4267.57,0.0
4265.27,0.0
4262.96,0.0
4260.67,0.0
4258.39,0.0
4256.12,0.0
4253.85,0.0
4251.59,0.0
4249.34,0.0
4247.1,0.0
4244.86,0.0
4242.63,0.0
4240.41,0.0
4238.2,0.0
4235.99,0.0
4233.79,0.0
4231.6,0.0
4229.41,0.0
4227.23,0.0
4225.06,0.0
4222.89,0.0
4220.73,0.0
4218.57,0.0
4216.42,0.0
4214.28,0.0
4212.14,0.0
4210.0,0.0
4207.88,0.0
4205.75,0.0
4203.63,0.0
4201.52,0.0
4199.41,0.0
4197.31,0.0
4195.21,0.0
4193.11,0.0
4191.02,0.0
4188.94,0.0
4186.85,0.0
4184.77,0.0
4182.7,0.0
4180.63,0.0
4178.56,0.0
4176.5,0.0
4174.44,0.0
4172.38,0.0
4170.33,0.0
4168.28,0.0
4166.23,0.0
4164.18,0.0
4162.14,0.0
4160.1,0.0
4158.07,0.0
4156.03,0.0
4154.0,0.0
4151.97,0.0
4149.95,0.0
4147.92,0.0
4145.9,0.0
4143.88,0.0
4141.86,0.0
4139.84,0.0
4137.83,0.0
4135.81,0.0
4133.8,0.0
4131.79,0.0
4129.78,0.0
4127.77,0.0
4125.76,0.0
4123.75,0.0
4121.74,0.0
4119.74,0.0
4117.73,0.0
4115.72,0.0
4113.72,0.0
4111.71,0.0
4109.7,0.0
4107.69,0.0
4105.69,0.0
4103.68,0.0
4101.67,0.0
4099.66,0.0
4097.65,0.0
4095.64,0.0
4093.63,0.0
4091.62,0.0
4089.6,0.0
4087.58,0.0
4085.56,0.0
4083.54,0.0
4081.51,0.0
4079.48,0.0
4077.45,0.0
4075.42,0.0
4073.38,0.0
4071.34,0.0
4069.3,0.0
4067.25,0.0
4065.2,0.0
4063.14,0.0
4061.07,0.0
4059.0,0.0
4056.93,0.0
4054.85,0.0
4052.76,0.0
4050.67,0.0
4048.57,0.0
4046.46,0.0
4044.35,0.0
4042.23,0.0
4040.1,0.0
4037.96,0.0
4035.82,0.0
4033.68,0.0
4031.53,0.0
4029.38,0.0
4027.22,0.0
4025.06,0.0
4022.89,0.0
4020.72,0.0
4018.55,0.0
4016.38,0.0
4014.2,0.0
4012.01,0.0
4009.83,0.0
4007.63,0.0
4005.43,0.0
4003.23,0.0
4001.02,0.0
3998.81,0.0
3996.6,0.0
3994.39,0.0
3992.17,0.0
3989.95,0.0
3987.73,0.0
3985.5,0.0
3983.28,0.0
3981.05,0.0
3978.82,0.0
3976.6,0.0
3974.36,0.0
3972.13,0.0
3969.91,0.0
3967.68,0.0
3965.45,0.0
3963.22,0.0
3960.99,0.0
3958.76,0.0
3956.53,0.0
3954.31,0.0
3952.09,0.0
3949.87,0.0
3947.65,0.0
3945.44,0.0
3943.23,0.0
3941.02,0.0
3938.81,0.0
3936.61,0.0
3934.41,0.0
3932.22,0.0
3930.03,0.0
3927.84,0.0
3925.66,0.0
3923.49,0.0
3921.31,0.0
3919.15,0.0
3916.98,0.0
3914.82,0.0
3912.67,0.0
3910.52,0.0
3908.38,0.0
3906.24,0.0
3904.1,0.0
3901.98,0.0
3899.85,0.0
3897.73,0.0
3895.62,0.0
3893.51,0.0
3891.42,0.0
3889.32,0.0
3887.23,0.0
3885.14,0.0
3883.06,0.0
3880.99,0.0
3878.91,0.0
3876.85,0.0
3874.79,0.0
3872.74,0.0
3870.69,0.0
3868.65,0.0
3866.61,0.0
3864.58,0.0
3862.55,0.0
3860.53,0.0
3858.51,0.0
3856.5,0.0
3854.49,0.0
3852.49,0.0
3850.49,0.0
3848.5,0.0
3846.51,0.0
3844.53,0.0
3842.56,0.0
3840.58,0.0
3838.62,0.0
3836.65,0.0
3834.69,0.0
3832.74,0.0
3830.79,0.0
3828.84,0.0
3826.91,0.0
3824.97,0.0
3823.04,0.0
3821.11,0.0
3819.19,0.0
3817.27,0.0
3815.36,0.0
3813.45,0.0
3811.54,0.0
3809.64,0.0
3807.74,0.0
3805.85,0.0
3803.96,0.0
3802.07,0.0
3800.19,0.0
3798.31,0.0
3796.44,0.0
3794.57,0.0
3792.7,0.0
3790.84,0.0
3788.98,0.0
3787.12,0.0
3785.27,0.0
3783.42,0.0
3781.58,0.0
3779.74,0.0
3777.9,0.0
3776.06,0.0
3774.23,0.0
3772.41,0.0
3770.58,0.0
3768.76,0.0
3766.94,0.0
3765.13,0.0
3763.32,0.0
3761.52,0.0
3759.71,0.0
3757.91,0.0
3756.11,0.0
3754.32,0.0
3752.53,0.0
3750.75,0.0
3748.96,0.0
3747.19,0.0
3745.41,0.0
3743.64,0.0
3741.87,0.0
3740.11,0.0
3738.34,0.0
3736.59,0.0
3734.83,0.0
3733.08,0.0
3731.33,0.0
3729.59,0.0
3727.85,0.0
3726.11,0.0
3724.37,0.0
3722.64,0.0
3720.92,0.0
3719.19,0.0
3717.47,0.0
3715.75,0.0
3714.04,0.0
3712.32,0.0
3710.62,0.0
3708.91,0.0
3707.21,0.0
3705.51,0.0
3703.81,0.0
3702.12,0.0
3700.43,0.0
3698.75,0.0
3697.06,0.0
3695.38,0.0
3693.7,0.0
3692.03,0.0
3690.36,0.0
3688.69,0.0
3687.02,0.0
3685.36,0.0
3683.7,0.0
3682.04,0.0
3680.38,0.0
3678.73,0.0
3677.08,0.0
3675.44,0.0
3673.79,0.0
3672.15,0.0
3670.51,0.0
3668.88,0.0
3667.24,0.0
3665.61,0.0
3663.98,0.0
3662.35,0.0
3660.73,0.0
3659.11,0.0
3657.49,0.0
3655.88,0.0
3654.26,0.0
3652.65,0.0
3651.04,0.0
3649.43,0.0
3647.83,0.0
3646.23,0.0
3644.62,0.0
3643.03,0.0
3641.43,0.0
3639.84,0.0
3638.25,0.0
3636.66,0.0
3635.07,0.0
3633.48,0.0
3631.9,0.0
3630.32,0.0
3628.74,0.0
3627.17,0.0
3625.59,0.0
3624.02,0.0
3622.45,0.0
3620.88,0.0
3619.31,0.0
3617.75,0.0
3616.19,0.0
3614.63,0.0
3613.07,0.0
3611.51,0.0
3609.96,0.0
3608.4,0.0
3606.85,0.0
3605.3,0.0
3603.75,0.0
3602.21,0.0
3600.67,0.0
3599.12,0.0
3597.58,0.0
3596.05,0.0
3594.51,0.0
3592.98,0.0
3591.44,0.0
3589.91,0.0
3588.38,0.0
3586.85,0.0
3585.33,0.0
3583.8,0.0
3582.28,0.0
3580.76,0.0
3579.24,0.0
3577.72,0.0
3576.21,0.0
3574.69,0.0
3573.18,0.0
3571.67,0.0
3570.16,0.0
3568.65,0.0
3567.14,0.0
3565.64,0.0
3564.14,0.0
3562.63,0.0
3561.13,0.0
3559.64,0.0
3558.14,0.0
3556.64,0.0
3555.15,0.0
3553.66,0.0
3552.17,0.0
3550.68,0.0
3549.19,0.0
3547.7,0.0
3546.22,0.0
3544.74,0.0
3543.25,0.0
3541.77,0.0
3540.29,0.0
3538.81,0.0
3537.34,0.0
3535.86,0.0
3534.39,0.0
3532.92,0.0
3531.45,0.0
3529.98,0.0
3528.51,0.0
3527.04,0.0
3525.58,0.0
3524.11,0.0
3522.65,0.0
3521.19,0.0
3519.73,0.0
3518.27,0.0
3516.81,0.0
3515.36,0.0
3513.9,0.0
3512.45,0.0
3511.0,0.0
3509.55,0.0
3508.1,0.0
3506.65,0.0
3505.2,0.0
3503.76,0.0
3502.31,0.0
3500.87,0.0
3499.43,0.0
3497.98,0.0
3496.55,0.0
3495.11,0.0
3493.67,0.0
3492.23,0.0
3490.8,0.0
3489.36,0.0
3487.93,0.0
3486.5,0.0
3485.07,0.0
3483.64,0.0
3482.21,0.0
3480.78,0.0
3479.35,0.0
3477.93,0.0
3476.5,0.0
3475.08,0.0
3473.66,0.0
3472.23,0.0
3470.82,0.0
3469.39,0.0
3467.98,0.0
3466.56,0.0
3465.14,0.0
3463.73,0.0
3462.31,0.0
3460.9,0.0
3459.48,0.0
3458.07,0.0
3456.66,0.0
3455.25,0.0
3453.84,0.0
3452.43,0.0
3451.02,0.0
3449.62,0.0
3448.21,0.0
3446.8,0.0
3445.4,0.0
3444.0,0.0
3442.59,0.0
3441.19,0.0
3439.79,0.0
3438.39,0.0
3436.99,0.0
3435.59,0.0
3434.19,0.0
3432.79,0.0
3431.39,0.0
3429.99,0.0
3428.59,0.0
3427.2,0.0
3425.8,0.0
3424.41,0.0
3423.01,0.0
3421.62,0.0
3420.22,0.0
3418.83,0.0
3417.43,0.0
3416.04,0.0
3414.65,0.0
3413.26,0.0
3411.86,0.0
3410.47,0.0
3409.08,0.0
3407.69,0.0
3406.3,0.0
3404.91,0.0
3403.52,0.0
3402.13,0.0
3400.74,0.0
3399.35,0.0
3397.96,0.0
3396.57,0.0
3395.18,0.0
3393.8,0.0
3392.41,0.0
3391.02,0.0
3389.64,0.0
3388.25,0.0
3386.86,0.0
3385.48,0.0
3384.09,0.0
3382.71,0.0
3381.32,0.0
3379.94,0.0
3378.55,0.0
3377.17,0.0
3375.79,0.0
3374.4,0.0
3373.02,0.0
3371.64,0.0
3370.25,0.0
3368.87,0.0
3367.49,0.0
3366.11,0.0
3364.73,0.0
3363.35,0.0
3361.96,0.0
3360.58,0.0
3359.2,0.0
3357.82,0.0
3356.44,0.0
3355.06,0.0
3353.68,0.0
3352.3,0.0
3350.92,0.0
3349.54,0.0
3348.16,0.0
3346.78,0.0
3345.4,0.0
3344.03,0.0
3342.65,0.0
3341.27,0.0
3339.89,0.0
3338.51,0.0
3337.13,0.0
3335.75,0.0
3334.37,0.0
3332.99,0.0
3331.62,0.0
3330.24,0.0
3328.86,0.0
3327.48,0.0
3326.1,0.0
3324.72,0.0
3323.34,0.0
3321.97,0.0
3320.59,0.0
3319.21,0.0
3317.83,0.0
3316.45,0.0
3315.07,0.0
3313.69,0.0
3312.3,0.0
3310.92,0.0
3309.54,0.0
3308.16,0.0
3306.78,0.0
3305.39,0.0
3304.01,0.0
3302.62,0.0
3301.24,0.0
3299.85,0.0
3298.46,0.0
3297.06,0.0
3295.67,0.0
3294.28,0.0
3292.88,0.0
3291.48,0.0
3290.07,0.0
3288.67,0.0
3287.26,0.0
3285.85,0.0
3284.43,0.0
3283.02,0.0
3281.6,0.0
3280.18,0.0
3278.76,0.0
3277.34,0.0
3275.92,0.0
3274.51,0.0
3273.11,0.0
3271.71,0.0
3270.32,0.0
3268.94,0.0
3267.55,0.0
3266.18,0.0
3264.81,0.0
3263.43,0.0
3262.05,0.0
3260.67,0.0
3259.29,0.0
3257.9,0.0
3256.52,0.0
3255.13,0.0
3253.74,0.0
3252.35,0.0
3250.96,0.0
3249.57,0.0
3248.18,0.0
3246.79,0.0
3245.4,0.0
3244.01,0.0
3242.62,0.0
3241.23,0.0
3239.83,0.0
3238.44,0.0
3237.05,0.0
3235.65,0.0
3234.26,0.0
3232.86,0.0
3231.46,0.0
3230.06,0.0
3228.66,0.0
3227.26,0.0
3225.86,0.0
3224.46,0.0
3223.05,0.0
3221.64,0.0
3220.23,0.0
3218.82,0.0
3217.41,0.0
3216.0,0.0
3214.59,0.0
3213.17,0.0
3211.75,0.0
3210.34,0.0
3208.92,0.0
3207.5,0.0
3206.08,0.0
3204.65,0.0
3203.23,0.0
3201.8,0.0
3200.37,0.0
3198.94,0.0
3197.51,0.0
3196.08,0.0
3194.65,0.0
3193.21,0.0
3191.78,0.0
3190.34,0.0
3188.9,0.0
3187.46,0.0
3186.02,0.0
3184.58,0.0
3183.14,0.0
3181.71,0.0
3180.26,0.0
3178.82,0.0
3177.38,0.0
3175.95,0.0
3174.51,0.0
3173.07,0.0
3171.63,0.0
3170.2,0.0
3168.77,0.0
3167.34,0.0
3165.91,0.0
3164.48,0.0
3163.05,0.0
3161.62,0.0
3160.19,0.0
3158.76,0.0
3157.33,0.0
3155.9,0.0
3154.47,0.0
3153.03,0.0
3151.6,0.0
3150.16,0.0
3148.72,0.0
3147.28,0.0
3145.83,0.0
3144.39,0.0
3142.94,0.0
3141.49,0.0
3140.04,0.0
3138.59,0.0
3137.13,0.0
3135.68,0.0
3134.22,0.0
3132.76,0.0
3131.3,0.0
3129.84,0.0
3128.38,0.0
3126.92,0.0
3125.46,0.0
3123.99,0.0
3122.53,0.0
3121.06,0.0
3119.6,0.0
3118.13,0.0
3116.67,0.0
3115.2,0.0
3113.74,0.0
3112.27,0.0
3110.8,0.0
3109.34,0.0
3107.88,0.0
3106.41,0.0
3104.95,0.0
3103.49,0.0
3102.03,0.0
3100.57,0.0
3099.11,0.0
3097.65,0.0
3096.19,0.0
3094.74,0.0
3093.29,0.0
3091.84,0.0
3090.39,0.0
3088.94,0.0
3087.49,0.0
3086.05,0.0
3084.61,0.0
3083.17,0.0
3081.73,0.0
3080.3,0.0
3078.86,0.0
3077.44,0.0
3076.01,0.0
3074.59,0.0
3073.17,0.0
3071.75,0.0
3070.33,0.0
3068.92,0.0
3067.52,0.0
3066.11,0.0
3064.71,0.0
3063.31,0.0
3061.91,0.0
3060.52,0.0
3059.13,0.0
3057.75,0.0
3056.36,0.0
3054.98,0.0
3053.6,0.0
3052.23,0.0
3050.86,0.0
3049.49,0.0
3048.12,0.0
3046.75,0.0
3045.39,0.0
3044.03,0.0
3042.67,0.0
3041.32,0.0
3039.96,0.0
3038.61,0.0
3037.26,0.0
3035.91,0.0
3034.56,0.0
3033.22,0.0
3031.87,0.0
3030.53,0.0
3029.19,0.0
3027.85,0.0
3026.52,0.0
3025.18,0.0
3023.85,0.0
3022.51,0.0
3021.18,0.0
3019.85,0.0
3018.52,0.0
3017.19,0.0
3015.87,0.0
3014.54,0.0
3013.22,0.0
3011.9,0.0
3010.57,0.0
3009.25,0.0
3007.93,0.0
3006.62,0.0
3005.3,0.0
3003.98,0.0
3002.67,0.0
3001.35,0.0
3000.04,0.0
2998.73,0.0
2997.42,0.0
2996.11,0.0
2994.8,0.0
2993.49,0.0
2992.19,0.0
2990.88,0.0
2989.57,0.0
2988.27,0.0
2986.97,0.0
2985.67,0.0
2984.37,0.0
2983.07,0.0
2981.77,0.0
2980.47,0.0
2979.18,0.0
2977.88,0.0
2976.59,0.0
2975.29,0.0
2974.0,0.0
2972.71,0.0
2971.42,0.0
2970.13,0.0
2968.84,0.0
2967.55,0.0
2966.26,0.0
2964.98,0.0
2963.69,0.0
2962.41,0.0
2961.12,0.0
2959.84,0.0
2958.55,0.0
2957.27,0.0
2955.99,0.0
2954.71,0.0
2953.43,0.0
2952.15,0.0
2950.88,0.0
2949.6,0.0
2948.32,0.0
2947.05,0.0
2945.77,0.0
2944.5,0.0
2943.23,0.0
2941.95,0.0
2940.68,0.0
2939.41,0.0
2938.14,0.0
2936.87,0.0
2935.6,0.0
2934.34,0.0
2933.07,0.0
2931.8,0.0
2930.54,0.0
2929.27,0.0
2928.01,0.0
2926.74,0.0
2925.48,0.0
2924.22,0.0
2922.96,0.0
2921.7,0.0
2920.44,0.0
2919.18,0.0
2917.92,0.0
2916.66,0.0
2915.4,0.0
2914.15,0.0
2912.89,0.0
2911.63,0.0
2910.38,0.0
2909.12,0.0
2907.87,0.0
2906.62,0.0
2905.37,0.0
2904.11,0.0
2902.86,0.0
2901.61,0.0
2900.36,0.0
2899.11,0.0
2897.87,0.0
2896.62,0.0
2895.37,0.0
2894.12,0.0
2892.88,0.0
2891.63,0.0
2890.39,0.0
2889.15,0.0
2887.9,0.0
2886.66,0.0
2885.42,0.0
2884.18,0.0
2882.94,0.0
2881.69,0.0
2880.45,0.0
2879.22,0.0
2877.98,0.0
2876.74,0.0
2875.5,0.0
2874.26,0.0
2873.03,0.0
2871.79,0.0
2870.56,0.0
2869.32,0.0
2868.09,0.0
2866.85,0.0
2865.62,0.0
2864.39,0.0
2863.16,0.0
2861.93,0.0
2860.69,0.0
2859.46,0.0
2858.23,0.0
2857.0,0.0
2855.78,0.0
2854.55,0.0
2853.32,0.0
2852.09,0.0
2850.87,0.0
2849.64,0.0
2848.41,0.0
2847.19,0.0
2845.96,0.0
2844.74,0.0
2843.51,0.0
2842.29,0.0
2841.07,0.0
2839.84,0.0
2838.62,0.0
2837.4,0.0
2836.18,0.0
2834.96,0.0
2833.74,0.0
2832.52,0.0
2831.29,0.0
2830.08,0.0
2828.86,0.0
2827.64,0.0
2826.42,0.0
2825.2,0.0
2823.99,0.0
2822.77,0.0
2821.55,0.0
2820.34,0.0
2819.12,0.0
2817.91,0.0
2816.69,0.0
2815.48,0.0
2814.26,0.0
2813.05,0.0
2811.84,0.0
2810.63,0.0
2809.42,0.0
2808.2,0.0
2806.99,0.0
2805.78,0.0
2804.57,0.0
2803.36,0.0
2802.16,0.0
2800.95,0.0
2799.74,0.0
2798.53,0.0
2797.33,0.0
2796.12,0.0
2794.92,0.0
2793.71,0.0
2792.51,0.0
2791.3,0.0
2790.1,0.0
2788.9,0.0
2787.7,0.0
2786.5,0.0
2785.29,0.0
2784.09,0.0
2782.9,0.0
2781.7,0.0
2780.5,0.0
2779.3,0.0
2778.1,0.0
2776.91,0.0
2775.71,0.0
2774.52,0.0
2773.32,0.0
2772.13,0.0
2770.94,0.0
2769.74,0.0
2768.55,0.0
2767.36,0.0
2766.17,0.0
2764.98,0.0
2763.79,0.0
2762.6,0.0
2761.42,0.0
2760.23,0.0
2759.04,0.0
2757.86,0.0
2756.67,0.0
2755.49,0.0
2754.31,0.0
2753.12,0.0
2751.94,0.0
2750.76,0.0
2749.58,0.0
2748.4,0.0
2747.22,0.0
2746.04,0.0
2744.86,0.0
2743.69,0.0
2742.51,0.0
2741.33,0.0
2740.16,0.0
2738.98,0.0
2737.81,0.0
2736.64,0.0
2735.46,0.0
2734.29,0.0
2733.12,0.0
2731.95,0.0
2730.78,0.0
2729.61,0.0
2728.44,0.0
2727.28,0.0
2726.11,0.0
2724.94,0.0
2723.78,0.0
2722.61,0.0
2721.45,0.0
2720.29,0.0
2719.12,0.0
2717.96,0.0
2716.8,0.0
2715.64,0.0
2714.48,0.0
2713.32,0.0
2712.16,0.0
2711.0,0.0
2709.84,0.0
2708.69,0.0
2707.53,0.0
2706.37,0.0
2705.22,0.0
2704.06,0.0
2702.91,0.0
2701.76,0.0
2700.6,0.0
2699.45,0.0
2698.3,0.0
2697.15,0.0
2696.0,0.0
2694.85,0.0
2693.7,0.0
2692.55,0.0
2691.41,0.0
2690.26,0.0
2689.11,0.0
2687.97,0.0
2686.82,0.0
2685.68,0.0
2684.53,0.0
2683.39,0.0
2682.25,0.0
2681.1,0.0
2679.97,0.0
2678.82,0.0
2677.68,0.0
2676.54,0.0
2675.41,0.0
2674.27,0.0
2673.13,0.0
2671.99,0.0
2670.85,0.0
2669.72,0.0
2668.58,0.0
2667.45,0.0
2666.32,0.0
2665.18,0.0
2664.05,0.0
2662.92,0.0
2661.78,0.0
2660.65,0.0
2659.52,0.0
2658.39,0.0
2657.26,0.0
2656.13,0.0
2655.0,0.0
2653.88,0.0
2652.75,0.0
2651.62,0.0
2650.5,0.0
2649.37,0.0
2648.25,0.0
2647.12,0.0
2646.0,0.0
2644.87,0.0
2643.75,0.0
2642.63,0.0
2641.51,0.0
2640.38,0.0
2639.26,0.0
2638.14,0.0
2637.02,0.0
2635.9,0.0
2634.79,0.0
2633.67,0.0
2632.55,0.0
2631.43,0.0
2630.32,0.0
2629.2,0.0
2628.09,0.0
2626.97,0.0
2625.86,0.0
2624.74,0.0
2623.63,0.0
2622.52,0.0
2621.4,0.0
2620.29,0.0
2619.18,0.0
2618.07,0.0
2616.96,0.0
2615.85,0.0
2614.74,0.0
2613.63,0.0
2612.52,0.0
2611.42,0.0
2610.31,0.0
2609.2,0.0
2608.1,0.0
2606.99,0.0
2605.89,0.0
2604.78,0.0
2603.68,0.0
2602.57,0.0
2601.47,0.0
2600.37,0.0
2599.27,0.0
2598.17,0.0
2597.06,0.0
2595.96,0.0
2594.87,0.0
2593.77,0.0
2592.67,0.0
2591.57,0.0
2590.47,0.0
2589.37,0.0
2588.28,0.0
2587.18,0.0
2586.08,0.0
2584.99,0.0
2583.9,0.0
2582.8,0.0
2581.71,0.0
2580.61,0.0
2579.52,0.0
2578.43,0.0
2577.34,0.0
2576.25,0.0
2575.16,0.0
2574.07,0.0
2572.98,0.0
2571.89,0.0
2570.8,0.0
2569.71,0.0
2568.62,0.0
2567.54,0.0
2566.45,0.0
2565.36,0.0
2564.28,0.0
2563.19,0.0
2562.11,0.0
2561.02,0.0
2559.94,0.0
2558.86,0.0
2557.77,0.0
2556.69,0.0
2555.61,0.0
2554.53,0.0
2553.45,0.0
2552.37,0.0
2551.29,0.0
2550.21,0.0
2549.13,0.0
2548.05,0.0
2546.97,0.0
2545.89,0.0
2544.82,0.0
2543.74,0.0
2542.66,0.0
2541.59,0.0
2540.51,0.0
2539.44,0.0
2538.36,0.0
2537.29,0.0
2536.22,0.0
2535.14,0.0
2534.07,0.0
2533.0,0.0
2531.93,0.0
2530.86,0.0
2529.79,0.0
2528.72,0.0
2527.65,0.0
2526.58,0.0
2525.51,0.0
2524.44,0.0
2523.37,0.0
2522.31,0.0
2521.24,0.0
2520.17,0.0
2519.11,0.0
2518.04,0.0
2516.98,0.0
2515.91,0.0
2514.85,0.0
2513.78,0.0
2512.72,0.0
2511.66,0.0
2510.6,0.0
2509.53,0.0
2508.47,0.0
2507.41,0.0
2506.35,0.0
2505.29,0.0
2504.23,0.0
2503.17,0.0
2502.11,0.0
2501.06,0.0
2500.0,0.0
2498.94,0.0
2497.88,0.0
2496.83,0.0
2495.77,0.0
2494.72,0.0
2493.66,0.0
2492.61,0.0
2491.55,0.0
2490.5,0.0
2489.44,0.0
2488.39,0.0
2487.34,0.0
2486.29,0.0
2485.23,0.0
2484.18,0.0
2483.13,0.0
2482.08,0.0
2481.03,0.0
2479.98,0.0
2478.93,0.0
2477.88,0.0
2476.84,0.0
2475.79,0.0
2474.74,0.0
2473.69,0.0
2472.65,0.0
2471.6,0.0
2470.56,0.0
2469.51,0.0
2468.47,0.0
2467.42,0.0
2466.38,0.0
2465.33,0.0
2464.29,0.0
2463.25,0.0
2462.2,0.0
2461.16,0.0
2460.12,0.0
2459.08,0.0
2458.04,0.0
2457.0,0.0
2455.96,0.0
2454.92,0.0
2453.88,0.0
2452.84,0.0
2451.8,0.0
2450.76,0.0
2449.73,0.0
2448.69,0.0
2447.65,0.0
2446.61,0.0
2445.58,0.0
2444.54,0.0
2443.51,0.0
2442.47,0.0
2441.44,0.0
2440.4,0.0
2439.37,0.0
2438.34,0.0
2437.3,0.0
2436.27,0.0
2435.24,0.0
2434.21,0.0
2433.18,0.0
2432.14,0.0
2431.11,0.0
2430.08,0.0
2429.05,0.0
2428.02,0.0
2426.99,0.0
2425.96,0.0
2424.94,0.0
2423.91,0.0
2422.88,0.0
2421.85,0.0
2420.82,0.0
2419.8,0.0
2418.77,0.0
2417.74,0.0
2416.72,0.0
2415.69,0.0
2414.67,0.0
2413.64,0.0
2412.62,0.0
2411.59,0.0
2410.57,0.0
2409.55,0.0
2408.52,0.0
2407.5,0.0
2406.48,0.0
2405.46,0.0
2404.43,0.0
2403.41,0.0
2402.39,0.0
2401.37,0.0
2400.35,0.0
2399.33,0.0
2398.31,0.0
2397.29,0.0
2396.27,0.0
2395.25,0.0
2394.23,0.0
2393.21,0.0
2392.2,0.0
2391.18,0.0
2390.16,0.0
2389.14,0.0
2388.13,0.0
2387.11,0.0
2386.09,0.0
2385.08,0.0
2384.06,0.0
2383.05,0.0
2382.03,0.0
2381.01,0.0
2380.0,0.0
2378.99,0.0
2377.97,0.0
2376.96,0.0
2375.94,0.0
2374.93,0.0
2373.92,0.0
2372.9,0.0
2371.89,0.0
2370.88,0.0
2369.87,0.0
2368.85,0.0
2367.84,0.0
2366.83,0.0
2365.82,0.0
2364.81,0.0
2363.8,0.0
2362.79,0.0
2361.78,0.0
2360.77,0.0
2359.76,0.0
2358.75,0.0
2357.74,0.0
2356.73,0.0
2355.72,0.0
2354.71,0.0
2353.7,0.0
2352.69,0.0
2351.69,0.0
2350.68,0.0
2349.67,0.0
2348.66,0.0
2347.65,0.0
2346.65,0.0
2345.64,0.0
2344.63,0.0
2343.63,0.0
2342.62,0.0
2341.61,0.0
2340.61,0.0
2339.6,0.0
2338.6,0.0
2337.59,0.0
2336.59,0.0
2335.58,0.0
2334.57,0.0
2333.57,0.0
2332.57,0.0
2331.56,0.0
2330.56,0.0
2329.55,0.0
2328.55,0.0
2327.55,0.0
2326.54,0.0
2325.54,0.0
2324.53,0.0
2323.53,0.0
2322.53,0.0
2321.53,0.0
2320.52,0.0
2319.52,0.0
2318.52,0.0
2317.52,0.0
2316.52,0.0
2315.51,0.0
2314.51,0.0
2313.51,0.0
2312.51,0.0
2311.51,0.0
2310.51,0.0
2309.51,0.0
2308.51,0.0
2307.51,0.0
2306.51,0.0
2305.51,0.0
2304.51,0.0
2303.51,0.0
2302.51,0.0
2301.51,0.0
2300.51,0.0
2299.51,0.0
2298.52,0.0
2297.52,0.0
2296.52,0.0
2295.52,0.0
2294.53,0.0
2293.53,0.0
2292.54,0.0
2291.54,0.0
2290.54,0.0
2289.55,0.0
2288.55,0.0
2287.56,0.0
2286.56,0.0
2285.57,0.0
2284.57,0.0
2283.58,0.0
2282.59,0.0
2281.59,0.0
2280.6,0.0
2279.61,0.0
2278.62,0.0
2277.63,0.0
2276.63,0.0
2275.64,0.0
2274.65,0.0
2273.66,0.0
2272.67,0.0
2271.69,0.0
2270.7,0.0
2269.71,0.0
2268.72,0.0
2267.74,0.0
2266.75,0.0
2265.76,0.0
2264.78,0.0
2263.79,0.0
2262.81,0.0
2261.82,0.0
2260.84,0.0
2259.85,0.0
2258.87,0.0
2257.89,0.0
2256.91,0.0
2255.93,0.0
2254.94,0.0
2253.96,0.0
2252.98,0.0
2252.01,0.0
2251.03,0.0
2250.05,0.0
2249.07,0.0
2248.09,0.0
2247.12,0.0
2246.14,0.0
2245.17,0.0
2244.19,0.0
2243.22,0.0
2242.24,0.0
2241.27,0.0
2240.3,0.0
2239.32,0.0
2238.35,0.0
2237.38,0.0
2236.41,0.0
2235.44,0.0
2234.47,0.0
2233.5,0.0
2232.53,0.0
2231.56,0.0
2230.6,0.0
2229.63,0.0
2228.66,0.0
2227.7,0.0
2226.73,0.0
2225.77,0.0
2224.8,0.0
2223.84,0.0
2222.88,0.0
2221.91,0.0
2220.95,0.0
2219.99,0.0
2219.03,0.0
2218.07,0.0
2217.11,0.0
2216.15,0.0
2215.19,0.0
2214.23,0.0
2213.27,0.0
2212.31,0.0
2211.36,0.0
2210.4,0.0
2209.44,0.0
2208.49,0.0
2207.53,0.0
2206.58,0.0
2205.62,0.0
2204.67,0.0
2203.72,0.0
2202.76,0.0
2201.81,0.0
2200.86,0.0
2199.91,0.0
2198.96,0.0
2198.01,0.0
2197.06,0.0
2196.11,0.0
2195.16,0.0
2194.21,0.0
2193.26,0.0
2192.31,0.0
2191.37,0.0
2190.42,0.0
2189.47,0.0
2188.53,0.0
2187.58,0.0
2186.64,0.0
2185.69,0.0
2184.75,0.0
2183.8,0.0
2182.86,0.0
2181.92,0.0
2180.98,0.0
2180.03,0.0
2179.09,0.0
2178.15,0.0
2177.21,0.0
2176.27,0.0
2175.33,0.0
2174.4,0.0
2173.46,0.0
2172.52,0.0
2171.58,0.0
2170.64,0.0
2169.71,0.0
2168.77,0.0
2167.84,0.0
2166.9,0.0
2165.97,0.0
2165.03,0.0
2164.1,0.0
2163.17,0.0
2162.23,0.0
2161.3,0.0
2160.37,0.0
2159.44,0.0
2158.51,0.0
2157.58,0.0
2156.65,0.0
2155.72,0.0
2154.79,0.0
2153.86,0.0
2152.93,0.0
2152.01,0.0
2151.08,0.0
2150.15,0.0
2149.23,0.0
2148.3,0.0
2147.38,0.0
2146.45,0.0
2145.53,0.0
2144.6,0.0
2143.68,0.0
2142.76,0.0
2141.84,0.0
2140.91,0.0
2139.99,0.0
2139.07,0.0
2138.15,0.0
2137.23,0.0
2136.31,0.0
2135.39,0.0
2134.47,0.0
2133.56,0.0
2132.64,0.0
2131.72,0.0
2130.81,0.0
2129.89,0.0
2128.97,0.0
2128.06,0.0
2127.14,0.0
2126.23,0.0
2125.32,0.0
2124.4,0.0
2123.49,0.0
2122.58,0.0
2121.67,0.0
2120.76,0.0
2119.85,0.0
2118.93,0.0
2118.02,0.0
2117.12,0.0
2116.21,0.0
2115.3,0.0
2114.39,0.0
2113.48,0.0
2112.58,0.0
2111.67,0.0
2110.76,0.0
2109.86,0.0
2108.95,0.0
2108.05,0.0
2107.14,0.0
2106.24,0.0
2105.34,0.0
2104.43,0.0
2103.53,0.0
2102.63,0.0
2101.73,0.0
2100.83,0.0
2099.93,0.0
2099.03,0.0
2098.13,0.0
2097.23,0.0
2096.33,0.0
2095.43,0.0
2094.53,0.0
2093.64,0.0
2092.74,0.0
2091.84,0.0
2090.95,0.0
2090.05,0.0
2089.16,0.0
2088.26,0.0
2087.37,0.0
2086.48,0.0
2085.58,0.0
2084.69,0.0
2083.8,0.0
2082.91,0.0
2082.02,0.0
2081.12,0.0
2080.24,0.0
2079.35,0.0
2078.46,0.0
2077.57,0.0
2076.68,0.0
2075.79,0.0
2074.9,0.0
2074.02,0.0
2073.13,0.0
2072.24,0.0
2071.36,0.0
2070.47,0.0
2069.59,0.0
2068.7,0.0
2067.82,0.0
2066.94,0.0
2066.05,0.0
2065.17,0.0
2064.29,0.0
2063.41,0.0
2062.53,0.0
2061.65,0.0
2060.77,0.0
2059.89,0.0
2059.01,0.0
2058.13,0.0
2057.25,0.0
2056.37,0.0
2055.49,0.0
2054.62,0.0
2053.74,0.0
2052.86,0.0
2051.99,0.0
2051.11,0.0
2050.24,0.0
2049.36,0.0
2048.49,0.0
2047.61,0.0
2046.74,0.0
2045.87,0.0
2045.0,0.0
2044.12,0.0
2043.25,0.0
2042.38,0.0
2041.51,0.0
2040.64,0.0
2039.77,0.0
2038.9,0.0
2038.03,0.0
2037.16,0.0
2036.3,0.0
2035.43,0.0
2034.56,0.0
2033.7,0.0
2032.83,0.0
2031.96,0.0
2031.1,0.0
2030.23,0.0
2029.37,0.0
2028.5,0.0
2027.64,0.0
2026.78,0.0
2025.91,0.0
2025.05,0.0
2024.19,0.0
2023.33,0.0
2022.47,0.0
2021.61,0.0
2020.75,0.0
2019.89,0.0
2019.03,0.0
2018.17,0.0
2017.31,0.0
2016.45,0.0
2015.59,0.0
2014.73,0.0
2013.88,0.0
2013.02,0.0
2012.16,0.0
2011.31,0.0
2010.45,0.0
2009.6,0.0
2008.74,0.0
2007.89,0.0
2007.04,0.0
2006.18,0.0
2005.33,0.0
2004.48,0.0
2003.62,0.0
2002.77,0.0
2001.92,0.0
2001.07,0.0
2000.22,0.0
1999.37,0.0
1998.52,0.0
1997.67,0.0
1996.82,0.0
1995.97,0.0
1995.13,0.0
1994.28,0.0
1993.43,0.0
1992.58,0.0
1991.74,0.0
1990.89,0.0
1990.04,0.0
1989.2,0.0
1988.35,0.0
1987.51,0.0
1986.67,0.0
1985.82,0.0
1984.98,0.0
1984.14,0.0
1983.29,0.0
1982.45,0.0
1981.61,0.0
1980.77,0.0
1979.93,0.0
1979.09,0.0
1978.25,0.0
1977.41,0.0
1976.57,0.0
1975.73,0.0
1974.89,0.0
1974.05,0.0
1973.21,0.0
1972.38,0.0
1971.54,0.0
1970.7,0.0
1969.87,0.0
1969.03,0.0
1968.19,0.0
1967.36,0.0
1966.52,0.0
1965.69,0.0
1964.85,0.0
1964.02,0.0
1963.19,0.0
1962.35,0.0
1961.52,0.0
1960.69,0.0
1959.86,0.0
1959.03,0.0
1958.2,0.0
1957.36,0.0
1956.54,0.0
1955.7,0.0
1954.88,0.0
1954.05,0.0
1953.22,0.0
1952.39,0.0
1951.56,0.0
1950.73,0.0
1949.91,0.0
1949.08,0.0
1948.25,0.0
1947.43,0.0
1946.6,0.0
1945.78,0.0
1944.95,0.0
1944.12,0.0
1943.3,0.0
1942.48,0.0
1941.65,0.0
1940.83,0.0
1940.01,0.0
1939.18,0.0
1938.36,0.0
1937.54,0.0
1936.72,0.0
1935.9,0.0
1935.08,0.0
1934.26,0.0
1933.44,0.0
1932.62,0.0
1931.8,0.0
1930.98,0.0
1930.16,0.0
1929.34,0.0
1928.52,0.0
1927.71,0.0
1926.89,0.0
1926.07,0.0
1925.26,0.0
1924.44,0.0
1923.63,0.0
1922.81,0.0
1921.99,0.0
1921.18,0.0
1920.37,0.0
1919.55,0.0
1918.74,0.0
1917.92,0.0
1917.11,0.0
1916.3,0.0
1915.49,0.0
1914.68,0.0
1913.87,0.0
1913.05,0.0
1912.24,0.0
1911.43,0.0
1910.62,0.0
1909.81,0.0
1909.0,0.0
1908.2,0.0
1907.39,0.0
1906.58,0.0
1905.77,0.0
1904.96,0.0
1904.16,0.0
1903.35,0.0
1902.54,0.0
1901.74,0.0
1900.93,0.0
1900.13,0.0
1899.32,0.0
1898.52,0.0
1897.71,0.0
1896.91,0.0
1896.1,0.0
1895.3,0.0
1894.5,0.0
1893.69,0.0
1892.89,0.0
1892.09,0.0
1891.29,0.0
1890.49,0.0
1889.68,0.0
1888.88,0.0
1888.08,0.0
1887.28,0.0
1886.48,0.0
1885.68,0.0
1884.89,0.0
1884.09,0.0
1883.29,0.0
1882.49,0.0
1881.69,0.0
1880.9,0.0
1880.1,0.0
1879.3,0.0
1878.51,0.0
1877.71,0.0
1876.91,0.0
1876.12,0.0
1875.32,0.0
1874.53,0.0
1873.73,0.0
1872.94,0.0
1872.15,0.0
1871.35,0.0
1870.56,0.0
1869.77,0.0
1868.98,0.0
1868.18,0.0
1867.39,0.0
1866.6,0.0
1865.81,0.0
1865.02,0.0
1864.23,0.0
1863.44,0.0
1862.65,0.0
1861.86,0.0
1861.07,0.0
1860.28,0.0
1859.5,0.0
1858.71,0.0
1857.92,0.0
1857.13,0.0
1856.35,0.0
1855.56,0.0
1854.77,0.0
1853.99,0.0
1853.2,0.0
1852.42,0.0
1851.63,0.0
1850.85,0.0
1850.06,0.0
1849.28,0.0
1848.49,0.0
1847.71,0.0
1846.93,0.0
1846.15,0.0
1845.36,0.0
1844.58,0.0
1843.8,0.0
1843.02,0.0
1842.24,0.0
1841.46,0.0
1840.68,0.0
1839.89,0.0
1839.12,0.0
1838.34,0.0
1837.56,0.0
1836.78,0.0
1836.0,0.0
1835.22,0.0
1834.44,0.0
1833.67,0.0
1832.89,0.0
1832.11,0.0
1831.34,0.0
1830.56,0.0
1829.78,0.0
1829.01,0.0
1828.23,0.0
1827.46,0.0
1826.68,0.0
1825.91,0.0
1825.14,0.0
1824.36,0.0
1823.59,0.0
1822.82,0.0
1822.04,0.0
1821.27,0.0
1820.5,0.0
1819.73,0.0
1818.96,0.0
1818.18,0.0
1817.41,0.0
1816.64,0.0
1815.87,0.0
1815.1,0.0
1814.33,0.0
1813.57,0.0
1812.8,0.0
1812.03,0.0
1811.26,0.0
1810.49,0.0
1809.73,0.0
1808.96,0.0
1808.19,0.0
1807.42,0.0
1806.66,0.0
1805.89,0.0
1805.13,0.0
1804.36,0.0
1803.6,0.0
1802.83,0.0
1802.07,0.0
1801.31,0.0
1800.54,0.0
1799.78,0.0
1799.02,0.0
1798.25,0.0
1797.49,0.0
1796.73,0.0
1795.97,0.0
1795.21,0.0
1794.45,0.0
1793.68,0.0
1792.92,0.0
1792.16,0.0
1791.41,0.0
1790.65,0.0
1789.89,0.0
1789.13,0.0
1788.37,0.0
1787.61,0.0
1786.85,0.0
1786.1,0.0
1785.34,0.0
1784.58,0.0
1783.83,0.0
1783.07,0.0
1782.32,0.0
1781.56,0.0
1780.8,0.0
1780.05,0.0
1779.3,0.0
1778.54,0.0
1777.79,0.0
1777.03,0.0
1776.28,0.0
1775.53,0.0
1774.78,0.0
1774.02,0.0
1773.27,0.0
1772.52,0.0
1771.77,0.0
1771.02,0.0
1770.27,0.0
1769.52,0.0
1768.77,0.0
1768.02,0.0
1767.27,0.0
1766.52,0.0
1765.77,0.0
1765.02,0.0
1764.28,0.0
1763.53,0.0
1762.78,0.0
1762.03,0.0
1761.29,0.0
1760.54,0.0
1759.8,0.0
1759.05,0.0
1758.3,0.0
1757.56,0.0
1756.81,0.0
1756.07,0.0
1755.33,0.0
1754.58,0.0
1753.84,0.0
1753.1,0.0
1752.35,0.0
1751.61,0.0
1750.87,0.0
1750.12,0.0
1749.38,0.0
1748.64,0.0
1747.9,0.0
1747.16,0.0
1746.42,0.0
1745.68,0.0
1744.94,0.0
1744.2,0.0
1743.46,0.0
1742.72,0.0
1741.99,0.0
1741.25,0.0
1740.51,0.0
1739.77,0.0
1739.04,0.0
1738.3,0.0
1737.56,0.0
1736.83,0.0
1736.09,0.0
1735.35,0.0
1734.62,0.0
1733.88,0.0
1733.15,0.0
1732.42,0.0
1731.68,0.0
1730.95,0.0
1730.21,0.0
1729.48,0.0
1728.75,0.0
1728.02,0.0
1727.28,0.0
1726.55,0.0
1725.82,0.0
1725.09,0.0
1724.36,0.0
1723.63,0.0
1722.9,0.0
1722.17,0.0
1721.44,0.0
1720.71,0.0
1719.98,0.0
1719.25,0.0
1718.52,0.0
1717.79,0.0
1717.07,0.0
1716.34,0.0
1715.61,0.0
1714.88,0.0
1714.16,0.0
1713.43,0.0
1712.7,0.0
1711.98,0.0
1711.25,0.0
1710.53,0.0
1709.8,0.0
1709.08,0.0
1708.35,0.0
1707.63,0.0
1706.91,0.0
1706.18,0.0
1705.46,0.0
1704.74,0.0
1704.01,0.0
1703.29,0.0
1702.57,0.0
1701.85,0.0
1701.13,0.0
1700.41,0.0
1699.69,0.0
1698.96,0.0
1698.24,0.0
1697.53,0.0
1696.81,0.0
1696.09,0.0
1695.37,0.0
1694.65,0.0
1693.93,0.0
1693.21,0.0
1692.49,0.0
1691.78,0.0
1691.06,0.0
1690.34,0.0
1689.63,0.0
1688.91,0.0
1688.19,0.0
1687.48,0.0
1686.76,0.0
1686.05,0.0
1685.33,0.0
1684.62,0.0
1683.9,0.0
1683.19,0.0
1682.48,0.0
1681.76,0.0
1681.05,0.0
1680.34,0.0
1679.62,0.0
1678.91,0.0
1678.2,0.0
1677.49,0.0
1676.78,0.0
1676.07,0.0
1675.36,0.0
1674.65,0.0
1673.93,0.0
1673.22,0.0
1672.52,0.0
1671.81,0.0
1671.1,0.0
1670.39,0.0
1669.68,0.0
1668.97,0.0
1668.26,0.0
1667.56,0.0
1666.85,0.0
1666.14,0.0
1665.43,0.0
1664.73,0.0
1664.02,0.0
1663.32,0.0
1662.61,0.0
1661.9,0.0
1661.2,0.0
1660.5,0.0
1659.79,0.0
1659.09,0.0
1658.38,0.0
1657.68,0.0
1656.97,0.0
1656.27,0.0
1655.57,0.0
1654.87,0.0
1654.16,0.0
1653.46,0.0
1652.76,0.0
1652.06,0.0
1651.36,0.0
1650.66,0.0
1649.96,0.0
1649.26,0.0
1648.56,0.0
1647.86,0.0
1647.16,0.0
1646.46,0.0
1645.76,0.0
1645.06,0.0
1644.36,0.0
1643.66,0.0
1642.97,0.0
1642.27,0.0
1641.57,0.0
1640.87,0.0
1640.18,0.0
1639.48,0.0
1638.78,0.0
1638.09,0.0
1637.39,0.0
1636.7,0.0
1636.0,0.0
1635.31,0.0
1634.61,0.0
1633.92,0.0
1633.22,0.0
1632.53,0.0
1631.84,0.0
1631.14,0.0
1630.45,0.0
1629.76,0.0
1629.07,0.0
1628.37,0.0
1627.68,0.0
1626.99,0.0
1626.3,0.0
1625.61,0.0
1624.92,0.0
1624.23,0.0
1623.54,0.0
1622.85,0.0
1622.16,0.0
1621.47,0.0
1620.78,0.0
1620.09,0.0
1619.4,0.0
1618.71,0.0
1618.03,0.0
1617.34,0.0
1616.65,0.0
1615.96,0.0
1615.28,0.0
1614.59,0.0
1613.9,0.0
1613.22,0.0
1612.53,0.0
1611.85,0.0
1611.16,0.0
1610.48,0.0
1609.79,0.0
1609.11,0.0
1608.42,0.0
1607.74,0.0
1607.05,0.0
1606.37,0.0
1605.69,0.0
1605.0,0.0
1604.32,0.0
1603.64,0.0
1602.96,0.0
1602.28,0.0
1601.59,0.0
1600.91,0.0
1600.23,0.0
1599.55,0.0
1598.87,0.0
1598.19,0.0
1597.51,0.0
1596.83,0.0
1596.15,0.0
1595.47,0.0
1594.79,0.0
1594.11,0.0
1593.43,0.0
1592.76,0.0
1592.08,0.0
1591.4,0.0
1590.72,0.0
1590.05,0.0
1589.37,0.0
1588.69,0.0
1588.02,0.0
1587.34,0.0
1586.66,0.0
1585.99,0.0
1585.31,0.0
1584.64,0.0
1583.96,0.0
1583.29,0.0
1582.62,0.0
1581.94,0.0
1581.27,0.0
1580.59,0.0
1579.92,0.0
1579.25,0.0
1578.58,0.0
1577.9,0.0
1577.23,0.0
1576.56,0.0
1575.89,0.0
1575.22,0.0
1574.54,0.0
1573.87,0.0
1573.2,0.0
1572.53,0.0
1571.86,0.0
1571.19,0.0
1570.52,0.0
1569.85,0.0
1569.18,0.0
1568.52,0.0
1567.85,0.0
1567.18,0.0
1566.51,0.0
1565.84,0.0
1565.17,0.0
1564.51,0.0
1563.84,0.0
1563.17,0.0
1562.51,0.0
1561.84,0.0
1561.17,0.0
1560.51,0.0
1559.84,0.0
1559.18,0.0
1558.51,0.0
1557.85,0.0
1557.18,0.0
1556.52,0.0
1555.85,0.0
1555.19,0.0
1554.53,0.0
1553.86,0.0
1553.2,0.0
1552.54,0.0
1551.87,0.0
1551.21,0.0
1550.55,0.0
1549.89,0.0
1549.23,0.0
1548.57,0.0
1547.91,0.0
1547.24,0.0
1546.58,0.0
1545.92,0.0
1545.26,0.0
1544.6,0.0
1543.94,0.0
1543.28,0.0
1542.63,0.0
1541.97,0.0
1541.31,0.0
1540.65,0.0
1539.99,0.0
1539.33,0.0
1538.68,0.0
1538.02,0.0
1537.36,0.0
1536.71,0.0
1536.05,0.0
1535.39,0.0
1534.74,0.0
1534.08,0.0
1533.43,0.0
1532.77,0.0
1532.12,0.0
1531.46,0.0
1530.81,0.0
1530.15,0.0
1529.5,0.0
1528.84,0.0
1528.19,0.0
1527.54,0.0
1526.88,0.0
1526.23,0.0
1525.58,0.0
1524.93,0.0
1524.27,0.0
1523.62,0.0
1522.97,0.0
1522.32,0.0
1521.67,0.0
1521.02,0.0
1520.37,0.0
1519.72,0.0
1519.07,0.0
1518.42,0.0
1517.77,0.0
1517.12,0.0
1516.47,0.0
1515.82,0.0
1515.17,0.0
1514.52,0.0
1513.87,0.0
1513.23,0.0
1512.58,0.0
1511.93,0.0
1511.29,0.0
1510.64,0.0
1509.99,0.0
1509.35,0.0
1508.7,0.0
1508.05,0.0
1507.41,0.0
1506.76,0.0
1506.12,0.0
1505.47,0.0
1504.83,0.0
1504.18,0.0
1503.54,0.0
1502.9,0.0
1502.25,0.0
1501.61,0.0
1500.96,0.0
1500.32,0.0
1499.68,0.0
1499.04,0.0
1498.39,0.0
1497.75,0.0
1497.11,0.0
1496.47,0.0
1495.83,0.0
1495.19,0.0
1494.55,0.0
1493.91,0.0
1493.26,0.0
1492.62,0.0
1491.98,0.0
1491.35,0.0
1490.71,0.0
1490.07,0.0
1489.43,0.0
1488.79,0.0
1488.15,0.0
1487.51,0.0
1486.87,0.0
1486.24,0.0
1485.6,0.0
1484.96,0.0
1484.33,0.0
1483.69,0.0
1483.05,0.0
1482.42,0.0
1481.78,0.0
1481.15,0.0
1480.51,0.0
1479.88,0.0
1479.24,0.0
1478.61,0.0
1477.97,0.0
1477.34,0.0
1476.7,0.0
1476.07,0.0
1475.44,0.0
1474.8,0.0
1474.17,0.0
1473.54,0.0
1472.9,0.0
1472.27,0.0
1471.64,0.0
1471.01,0.0
1470.38,0.0
1469.74,0.0
1469.11,0.0
1468.48,0.0
1467.85,0.0
1467.22,0.0
1466.59,0.0
1465.96,0.0
1465.33,0.0
1464.7,0.0
1464.07,0.0
1463.45,0.0
1462.82,0.0
1462.19,0.0
1461.56,0.0
1460.93,0.0
1460.3,0.0
1459.68,0.0
1459.05,0.0
1458.42,0.0
1457.8,0.0
1457.17,0.0
1456.54,0.0
1455.92,0.0
1455.29,0.0
1454.67,0.0
1454.04,0.0
1453.42,0.0
1452.79,0.0
1452.17,0.0
1451.54,0.0
1450.92,0.0
1450.29,0.0
1449.67,0.0
1449.05,0.0
1448.42,0.0
1447.8,0.0
1447.18,0.0
1446.56,0.0
1445.93,0.0
1445.31,0.0
1444.69,0.0
1444.07,0.0
1443.45,0.0
1442.83,0.0
1442.21,0.0
1441.59,0.0
1440.97,0.0
1440.35,0.0
1439.73,0.0
1439.11,0.0
1438.49,0.0
1437.87,0.0
1437.25,0.0
1436.63,0.0
1436.01,0.0
1435.39,0.0
1434.78,0.0
1434.16,0.0
1433.54,0.0
1432.92,0.0
1432.31,0.0
1431.69,0.0
1431.08,0.0
1430.46,0.0
1429.84,0.0
1429.23,0.0
1428.61,0.0
1428.0,0.0
1427.38,0.0
1426.77,0.0
1426.15,0.0
1425.54,0.0
1424.92,0.0
1424.31,0.0
1423.7,0.0
1423.08,0.0
1422.47,0.0
1421.86,0.0
1421.25,0.0
1420.63,0.0
1420.02,0.0
1419.41,0.0
1418.8,0.0
1418.19,0.0
1417.58,0.0
1416.96,0.0
1416.35,0.0
1415.74,0.0
1415.13,0.0
1414.52,0.0
1413.91,0.0
1413.3,0.0
1412.7,0.0
1412.09,0.0
1411.48,0.0
1410.87,0.0
1410.26,0.0
1409.65,0.0
1409.05,0.0
1408.44,0.0
1407.83,0.0
1407.22,0.0
1406.62,0.0
1406.01,0.0
1405.4,0.0
1404.8,0.0
1404.19,0.0
1403.59,0.0
1402.98,0.0
1402.38,0.0
1401.77,0.0
1401.17,0.0
1400.56,0.0
1399.96,0.0
1399.35,0.0
1398.75,0.0
1398.15,0.0
1397.54,0.0
1396.94,0.0
1396.34,0.0
1395.73,0.0
1395.13,0.0
1394.53,0.0
1393.93,0.0
1393.32,0.0
1392.72,0.0
1392.12,0.0
1391.52,0.0
1390.92,0.0
1390.32,0.0
1389.72,0.0
1389.12,0.0
1388.52,0.0
1387.92,0.0
1387.32,0.0
1386.72,0.0
1386.12,0.0
1385.52,0.0
1384.93,0.0
1384.33,0.0
1383.73,0.0
1383.13,0.0
1382.53,0.0
1381.94,0.0
1381.34,0.0
1380.74,0.0
1380.15,0.0
1379.55,0.0
1378.95,0.0
1378.36,0.0
1377.76,0.0
1377.17,0.0
1376.57,0.0
1375.98,0.0
1375.38,0.0
1374.79,0.0
1374.19,0.0
1373.6,0.0
1373.0,0.0
1372.41,0.0
1371.82,0.0
1371.22,0.0
1370.63,0.0
1370.04,0.0
1369.44,0.0
1368.85,0.0
1368.26,0.0
1367.67,0.0
1367.08,0.0
1366.48,0.0
1365.89,0.0
1365.3,0.0
1364.71,0.0
1364.12,0.0
1363.53,0.0
1362.94,0.0
1362.35,0.0
1361.76,0.0
1361.17,0.0
1360.58,0.0
1359.99,0.0
1359.4,0.0
1358.81,0.0
1358.22,0.0
1357.64,0.0
1357.05,0.0
1356.46,0.0
1355.87,0.0
1355.29,0.0
1354.7,0.0
1354.11,0.0
1353.52,0.0
1352.94,0.0
1352.35,0.0
1351.77,0.0
1351.18,0.0
1350.59,0.0
1350.01,0.0
1349.42,0.0
1348.84,0.0
1348.25,0.0
1347.67,0.0
1347.08,0.0
1346.5,0.0
1345.91,0.0
1345.33,0.0
1344.75,0.0
1344.16,0.0
1343.58,0.0
1343.0,0.0
1342.41,0.0
1341.83,0.0
1341.25,0.0
1340.67,0.0
1340.08,0.0
1339.5,0.0
1338.92,0.0
1338.34,0.0
1337.76,0.0
1337.17,0.0
1336.59,0.0
1336.01,0.0
1335.43,0.0
1334.85,0.0
1334.27,0.0
1333.69,0.0
1333.11,0.0
1332.53,0.0
1331.95,0.0
1331.37,0.0
1330.79,0.0
1330.22,0.0
1329.64,0.0
1329.06,0.0
1328.48,0.0
1327.9,0.0
1327.32,0.0
1326.75,0.0
1326.17,0.0
1325.59,0.0
1325.01,0.0
1324.44,0.0
1323.86,0.0
1323.28,0.0
1322.71,0.0
1322.13,0.0
1321.55,0.0
1320.98,0.0
1320.4,0.0
1319.83,0.0
1319.25,0.0
1318.67,0.0
1318.1,0.0
1317.52,0.0
1316.95,0.0
1316.38,0.0
1315.8,0.0
1315.23,0.0
1314.65,0.0
1314.08,0.0
1313.5,0.0
1312.93,0.0
1312.36,0.0
1311.78,0.0
1311.21,0.0
1310.64,0.0
1310.07,0.0
1309.49,0.0
1308.92,0.0
1308.35,0.0
1307.78,0.0
1307.2,0.0
1306.63,0.0
1306.06,0.0
1305.49,0.0
1304.92,0.0
1304.35,0.0
1303.78,0.0
1303.2,0.0
1302.63,0.0
1302.06,0.0
1301.49,0.0
1300.92,0.0
1300.35,0.0
1299.78,0.0
1299.21,0.0
1298.64,0.0
1298.07,0.0
1297.51,0.0
1296.94,0.0
1296.37,0.0
1295.8,0.0
1295.23,0.0
1294.66,0.0
1294.09,0.0
1293.53,0.0
1292.96,0.0
1292.39,0.0
1291.82,0.0
1291.25,0.0
1290.69,0.0
1290.12,0.0
1289.55,0.0
1288.99,0.0
1288.42,0.0
1287.85,0.0
1287.29,0.0
1286.72,0.0
1286.16,0.0
1285.59,0.0
1285.02,0.0
1284.46,0.0
1283.89,0.0
1283.33,0.0
1282.76,0.0
1282.2,0.0
1281.63,0.0
1281.07,0.0
1280.5,0.0
1279.94,0.0
1279.38,0.0
1278.81,0.0
1278.25,0.0
1277.69,0.0
1277.12,0.0
1276.56,0.0
1276.0,0.0
1275.43,0.0
1274.87,0.0
1274.31,0.0
1273.75,0.0
1273.18,0.0
1272.62,0.0
1272.06,0.0
1271.5,0.0
1270.94,0.0
1270.38,0.0
1269.82,0.0
1269.26,0.0
1268.69,0.0
1268.13,0.0
1267.57,0.0
1267.01,0.0
1266.45,0.0
1265.89,0.0
1265.34,0.0
1264.78,0.0
1264.22,0.0
1263.66,0.0
1263.1,0.0
1262.54,0.0
1261.98,0.0
1261.43,0.0
1260.87,0.0
1260.31,0.0
1259.75,0.0
1259.19,0.0
1258.64,0.0
1258.08,0.0
1257.52,0.0
1256.97,0.0
1256.41,0.0
1255.86,0.0
1255.3,0.0
1254.74,0.0
1254.19,0.0
1253.64,0.0
1253.08,0.0
1252.53,0.0
1251.97,0.0
1251.42,0.0
1250.86,0.0
1250.31,0.0
1249.75,0.0
1249.2,0.0
1248.65,0.0
1248.1,0.0
1247.54,0.0
1246.99,0.0
1246.44,0.0
1245.89,0.0
1245.33,0.0
1244.78,0.0
1244.23,0.0
1243.68,0.0
1243.13,0.0
1242.58,0.0
1242.03,0.0
1241.48,0.0
1240.93,0.0
1240.38,0.0
1239.83,0.0
1239.28,0.0
1238.73,0.0
1238.18,0.0
1237.63,0.0
1237.08,0.0
1236.54,0.0
1235.99,0.0
1235.44,0.0
1234.89,0.0
1234.35,0.0
1233.8,0.0
1233.25,0.0
1232.71,0.0
1232.16,0.0
1231.61,0.0
1231.07,0.0
1230.52,0.0
1229.98,0.0
1229.43,0.0
1228.89,0.0
1228.34,0.0
1227.8,0.0
1227.25,0.0
1226.71,0.0
1226.16,0.0
1225.62,0.0
1225.08,0.0
1224.53,0.0
1223.99,0.0
1223.45,0.0
1222.91,0.0
1222.36,0.0
1221.82,0.0
1221.28,0.0
1220.74,0.0
1220.2,0.0
1219.66,0.0
1219.12,0.0
1218.58,0.0
1218.04,0.0
1217.5,0.0
1216.96,0.0
1216.42,0.0
1215.88,0.0
1215.34,0.0
1214.8,0.0
1214.26,0.0
1213.72,0.0
1213.18,0.0
1212.65,0.0
1212.11,0.0
1211.57,0.0
1211.03,0.0
1210.5,0.0
1209.96,0.0
1209.42,0.0
1208.89,0.0
1208.35,0.0
1207.82,0.0
1207.28,0.0
1206.74,0.0
1206.21,0.0
1205.68,0.0
1205.14,0.0
1204.61,0.0
1204.07,0.0
1203.54,0.0
1203.0,0.0
1202.47,0.0
1201.94,0.0
1201.4,0.0
1200.87,0.0
1200.34,0.0
1199.81,0.0
1199.28,0.0
1198.74,0.0
1198.21,0.0
1197.68,0.0
1197.15,0.0
1196.62,0.0
1196.09,0.0
1195.56,0.0
1195.03,0.0
1194.5,0.0
1193.97,0.0
1193.44,0.0
1192.91,0.0
1192.38,0.0
1191.85,0.0
1191.32,0.0
1190.8,0.0
1190.27,0.0
1189.74,0.0
1189.21,0.0
1188.68,0.0
1188.16,0.0
1187.63,0.0
1187.1,0.0
1186.58,0.0
1186.05,0.0
1185.53,0.0
1185.0,0.0
1184.47,0.0
1183.95,0.0
1183.42,0.0
1182.9,0.0
1182.37,0.0
1181.85,0.0
1181.33,0.0
1180.8,0.0
1180.28,0.0
1179.76,0.0
1179.23,0.0
1178.71,0.0
1178.19,0.0
1177.66,0.0
1177.14,0.0
1176.62,0.0
1176.1,0.0
1175.58,0.0
1175.06,0.0
1174.53,0.0
1174.01,0.0
1173.49,0.0
1172.97,0.0
1172.45,0.0
1171.93,0.0
1171.41,0.0
1170.89,0.0
1170.37,0.0
1169.86,0.0
1169.34,0.0
1168.82,0.0
1168.3,0.0
1167.78,0.0
1167.26,0.0
1166.75,0.0
1166.23,0.0
1165.71,0.0
1165.19,0.0
1164.68,0.0
1164.16,0.0
1163.65,0.0
1163.13,0.0
1162.61,0.0
1162.1,0.0
1161.58,0.0
1161.07,0.0
1160.55,0.0
1160.04,0.0
1159.52,0.0
1159.01,0.0
1158.5,0.0
1157.98,0.0
1157.47,0.0
1156.95,0.0
1156.44,0.0
1155.93,0.0
1155.42,0.0
1154.9,0.0
1154.39,0.0
1153.88,0.0
1153.37,0.0
1152.86,0.0
1152.35,0.0
1151.83,0.0
1151.32,0.0
1150.81,0.0
1150.3,0.0
1149.79,0.0
1149.28,0.0
1148.77,0.0
1148.26,0.0
1147.75,0.0
1147.24,0.0
1146.74,0.0
1146.23,0.0
1145.72,0.0
1145.21,0.0
1144.7,0.0
1144.2,0.0
1143.69,0.0
1143.18,0.0
1142.67,0.0
1142.17,0.0
1141.66,0.0
1141.15,0.0
1140.65,0.0
1140.14,0.0
1139.64,0.0
1139.13,0.0
1138.63,0.0
1138.12,0.0
1137.62,0.0
1137.11,0.0
1136.61,0.0
1136.1,0.0
1135.6,0.0
1135.1,0.0
1134.59,0.0
1134.09,0.0
1133.59,0.0
1133.08,0.0
1132.58,0.0
1132.08,0.0
1131.58,0.0
1131.07,0.0
1130.57,0.0
1130.07,0.0
1129.57,0.0
1129.07,0.0
1128.57,0.0
1128.07,0.0
1127.57,0.0
1127.07,0.0
1126.57,0.0
1126.07,0.0
1125.57,0.0
1125.07,0.0
1124.57,0.0
1124.07,0.0
1123.57,0.0
1123.07,0.0
1122.58,0.0
1122.08,0.0
1121.58,0.0
1121.08,0.0
1120.58,0.0
1120.09,0.0
1119.59,0.0
1119.09,0.0
1118.6,0.0
1118.1,0.0
1117.61,0.0
1117.11,0.0
1116.61,0.0
1116.12,0.0
1115.62,0.0
1115.13,0.0
1114.64,0.0
1114.14,0.0
1113.65,0.0
1113.15,0.0
1112.66,0.0
1112.16,0.0
1111.67,0.0
1111.18,0.0
1110.68,0.0
1110.19,0.0
1109.7,0.0
1109.21,0.0
1108.72,0.0
1108.22,0.0
1107.73,0.0
1107.24,0.0
1106.75,0.0
1106.26,0.0
1105.77,0.0
1105.28,0.0
1104.79,0.0
1104.3,0.0
1103.81,0.0
1103.32,0.0
1102.83,0.0
1102.34,0.0
1101.85,0.0
1101.36,0.0
1100.87,0.0
1100.38,0.0
1099.9,0.0
1099.41,0.0
1098.92,0.0
1098.43,0.0
1097.94,0.0
1097.46,0.0
1096.97,0.0
1096.48,0.0
1096.0,0.0
1095.51,0.0
1095.03,0.0
1094.54,0.0
1094.05,0.0
1093.57,0.0
1093.08,0.0
1092.6,0.0
1092.11,0.0
1091.63,0.0
1091.14,0.0
1090.66,0.0
1090.18,0.0
1089.69,0.0
1089.21,0.0
1088.73,0.0
1088.24,0.0
1087.76,0.0
1087.28,0.0
1086.8,0.0
1086.31,0.0
1085.83,0.0
1085.35,0.0
1084.87,0.0
1084.39,0.0
1083.9,0.0
1083.42,0.0
1082.94,0.0
1082.46,0.0
1081.98,0.0
1081.5,0.0
1081.02,0.0
1080.54,0.0
1080.06,0.0
1079.58,0.0
1079.1,0.0
1078.63,0.0
1078.15,0.0
1077.67,0.0
1077.19,0.0
1076.71,0.0
1076.23,0.0
1075.76,0.0
1075.28,0.0
1074.8,0.0
1074.33,0.0
1073.85,0.0
1073.37,0.0
1072.9,0.0
1072.42,0.0
1071.94,0.0
1071.47,0.0
1070.99,0.0
1070.52,0.0
1070.04,0.0
1069.57,0.0
1069.09,0.0
1068.62,0.0
1068.14,0.0
1067.67,0.0
1067.2,0.0
1066.72,0.0
1066.25,0.0
1065.78,0.0
1065.3,0.0
1064.83,0.0
1064.36,0.0
1063.89,0.0
1063.41,0.0
1062.94,0.0
1062.47,0.0
1062.0,0.0
1061.53,0.0
1061.06,0.0
1060.59,0.0
1060.11,0.0
1059.64,0.0
1059.17,0.0
1058.7,0.0
1058.23,0.0
1057.76,0.0
1057.29,0.0
1056.83,0.0
1056.36,0.0
1055.89,0.0
1055.42,0.0
1054.95,0.0
1054.48,0.0
1054.01,0.0
1053.55,0.0
1053.08,0.0
1052.61,0.0
1052.14,0.0
1051.68,0.0
1051.21,0.0
1050.74,0.0
1050.28,0.0
1049.81,0.0
1049.35,0.0
1048.88,0.0
1048.41,0.0
1047.95,0.0
1047.48,0.0
1047.02,0.0
1046.55,0.0
1046.09,0.0
1045.62,0.0
1045.16,0.0
1044.7,0.0
1044.23,0.0
1043.77,0.0
1043.31,0.0
1042.84,0.0
1042.38,0.0
1041.92,0.0
1041.45,0.0
1040.99,0.0
1040.53,0.0
1040.07,0.0
1039.61,0.0
1039.15,0.0
1038.68,0.0
1038.22,0.0
1037.76,0.0
1037.3,0.0
1036.84,0.0
1036.38,0.0
1035.92,0.0
1035.46,0.0
1035.0,0.0
1034.54,0.0
1034.08,0.0
1033.62,0.0
1033.16,0.0
1032.71,0.0
1032.25,0.0
1031.79,0.0
1031.33,0.0
1030.87,0.0
1030.42,0.0
1029.96,0.0
1029.5,0.0
1029.04,0.0
1028.59,0.0
1028.13,0.0
1027.67,0.0
1027.22,0.0
1026.76,0.0
1026.31,0.0
1025.85,0.0
1025.39,0.0
1024.94,0.0
1024.48,0.0
1024.03,0.0
1023.57,0.0
1023.12,0.0
1022.67,0.0
1022.21,0.0
1021.76,0.0
1021.3,0.0
1020.85,0.0
1020.4,0.0
1019.94,0.0
1019.49,0.0
1019.04,0.0
1018.59,0.0
1018.13,0.0
1017.68,0.0
1017.23,0.0
1016.78,0.0
1016.33,0.0
1015.88,0.0
1015.42,0.0
1014.97,0.0
1014.52,0.0
1014.07,0.0
1013.62,0.0
1013.17,0.0
1012.72,0.0
1012.27,0.0
1011.82,0.0
1011.37,0.0
1010.92,0.0
1010.48,0.0
1010.03,0.0
1009.58,0.0
1009.13,0.0
1008.68,0.0
1008.23,0.0
1007.79,0.0
1007.34,0.0
1006.89,0.0
1006.44,0.0
1006.0,0.0
1005.55,0.0
1005.1,0.0
1004.66,0.0
1004.21,0.0
1003.76,0.0
1003.32,0.0
1002.87,0.0
1002.43,0.0
1001.98,0.0
1001.54,0.0
1001.09,0.0
1000.65,0.0
1000.2,0.0
999.76,0.0
999.316,0.0
998.872,0.0
998.428,0.0
997.984,0.0
997.541,0.0
997.098,0.0
996.656,0.0
996.213,0.0
995.77,0.0
995.328,0.0
994.886,0.0
994.444,0.0
994.002,0.0
993.561,0.0
993.119,0.0
992.678,0.0
992.238,0.0
991.796,0.0
991.356,0.0
990.916,0.0
990.475,0.0
990.035,0.0
989.595,0.0
989.156,0.0
988.716,0.0
988.277,0.0
987.838,0.0
987.399,0.0
986.961,0.0
986.522,0.0
986.084,0.0
985.646,0.0
985.208,0.0
984.77,0.0
984.333,0.0
983.895,0.0
983.458,0.0
983.021,0.0
982.584,0.0
982.148,0.0
981.712,0.0
981.275,0.0
980.84,0.0
980.403,0.0
979.968,0.0
979.532,0.0
979.098,0.0
978.663,0.0
978.228,0.0
977.793,0.0
977.359,0.0
976.924,0.0
976.49,0.0
976.057,0.0
975.622,0.0
975.189,0.0
974.756,0.0
974.322,0.0
973.89,0.0
973.457,0.0
973.024,0.0
972.592,0.0
972.16,0.0
971.727,0.0
971.296,0.0
970.864,0.0
970.433,0.0
970.001,0.0
969.57,0.0
969.139,0.0
968.709,0.0
968.278,0.0
967.848,0.0
967.418,0.0
966.988,0.0
966.558,0.0
966.129,0.0
965.699,0.0
965.27,0.0
964.841,0.0
964.412,0.0
963.983,0.0
963.555,0.0
963.126,0.0
962.698,0.0
962.27,0.0
961.843,0.0
961.415,0.0
960.988,0.0
960.561,0.0
960.134,0.0
959.707,0.0
959.28,0.0
958.854,0.0
958.428,0.0
958.002,0.0
957.576,0.0
957.15,0.0
956.725,0.0
956.299,0.0
955.874,0.0
955.449,0.0
955.024,0.0
954.6,0.0
954.176,0.0
953.751,0.0
953.327,0.0
952.903,0.0
952.48,0.0
952.056,0.0
951.633,0.0
951.21,0.0
950.787,0.0
950.365,0.0
949.942,0.0
949.52,0.0
949.097,0.0
948.676,0.0
948.254,0.0
947.832,0.0
947.411,0.0
946.989,0.0
946.568,0.0
946.147,0.0
945.726,0.0
945.306,0.0
944.885,0.0
944.466,0.0
944.046,0.0
943.625,0.0
943.206,0.0
942.787,0.0
942.367,0.0
941.948,0.0
941.529,0.0
941.111,0.0
940.692,0.0
940.274,0.0
939.856,0.0
939.438,0.0
939.02,0.0
938.602,0.0
938.185,0.0
937.767,0.0
937.351,0.0
936.933,0.0
936.516,0.0
936.1,0.0
935.684,0.0
935.267,0.0
934.852,0.0
934.436,0.0
934.02,0.0
933.605,0.0
933.189,0.0
932.774,0.0
932.36,0.0
931.944,0.0
931.53,0.0
931.115,0.0
930.701,0.0
930.288,0.0
929.874,0.0
929.46,0.0
929.047,0.0
928.633,0.0
928.22,0.0
927.807,0.0
927.394,0.0
926.982,0.0
926.569,0.0
926.157,0.0
925.745,0.0
925.333,0.0
924.921,0.0
924.51,0.0
924.098,0.0
923.688,0.0
923.277,0.0
922.865,0.0
922.455,0.0
922.044,0.0
921.634,0.0
921.224,0.0
920.814,0.0
920.405,0.0
919.995,0.0
919.586,0.0
919.176,0.0
918.767,0.0
918.359,0.0
917.95,0.0
917.541,0.0
917.133,0.0
916.725,0.0
916.317,0.0
915.909,0.0
915.502,0.0
915.094,0.0
914.687,0.0
914.279,0.0
913.872,0.0
913.466,0.0
913.059,0.0
912.653,0.0
912.247,0.0
911.841,0.0
911.435,0.0
911.029,0.0
910.624,0.0
910.218,0.0
909.813,0.0
909.408,0.0
909.003,0.0
908.599,0.0
908.195,0.0
907.79,0.0
907.386,0.0
906.982,0.0
906.578,0.0
906.175,0.0
905.771,0.0
905.368,0.0
904.965,0.0
904.562,0.0
904.16,0.0
903.757,0.0
903.355,0.0
902.952,0.0
902.551,0.0
902.149,0.0
901.747,0.0
901.346,0.0
900.945,0.0
900.543,0.0
900.143,0.0
899.742,0.0
899.341,0.0
898.941,0.0
898.541,0.0
898.141,0.0
897.741,0.0
897.341,0.0
896.941,0.0
896.542,0.0
896.143,0.0
895.744,0.0
895.345,0.0
894.947,0.0
894.548,0.0
894.149,0.0
893.751,0.0
893.353,0.0
892.955,0.0
892.558,0.0
892.161,0.0
891.763,0.0
891.366,0.0
890.969,0.0
890.572,0.0
890.176,0.0
889.779,0.0
889.383,0.0
888.987,0.0
888.592,0.0
888.195,0.0
887.8,0.0
887.404,0.0
887.009,0.0
886.614,0.0
886.22,0.0
885.825,0.0
885.43,0.0
885.036,0.0
884.642,0.0
884.248,0.0
883.854,0.0
883.461,0.0
883.067,0.0
882.674,0.0
882.28,0.0
881.887,0.0
881.495,0.0
881.102,0.0
880.71,0.0
880.318,0.0
879.925,0.0
879.533,0.0
879.142,0.0
878.75,0.0
878.359,0.0
877.968,0.0
877.577,0.0
877.186,0.0
876.795,0.0
876.404,0.0
876.014,0.0
875.624,0.0
875.233,0.0
874.844,0.0
874.454,0.0
874.065,0.0
873.676,0.0
873.286,0.0
872.897,0.0
872.508,0.0
872.12,0.0
871.731,0.0
871.342,0.0
870.954,0.0
870.567,0.0
870.179,0.0
869.792,0.0
869.404,0.0
869.017,0.0
868.629,0.0
868.242,0.0
867.856,0.0
867.469,0.0
867.083,0.0
866.696,0.0
866.31,0.0
865.925,0.0
865.539,0.0
865.153,0.0
864.768,0.0
864.383,0.0
863.997,0.0
863.612,0.0
863.228,0.0
862.843,0.0
862.459,0.0
862.075,0.0
861.691,0.0
861.307,0.0
860.923,0.0
860.539,0.0
860.156,0.0
859.773,0.0
859.39,0.0
859.007,0.0
858.624,0.0
858.242,0.0
857.859,0.0
857.477,0.0
857.095,0.0
856.713,0.0
856.332,0.0
855.95,0.0
855.569,0.0
855.188,0.0
854.806,0.0
854.426,0.0
854.045,0.0
853.665,0.0
853.284,0.0
852.905,0.0
852.524,0.0
852.144,0.0
851.764,0.0
851.385,0.0
851.006,0.0
850.627,0.0
850.248,0.0
849.869,0.0
849.49,0.0
849.112,0.0
848.734,0.0
848.355,0.0
847.978,0.0
847.6,0.0
847.222,0.0
846.845,0.0
846.467,0.0
846.09,0.0
845.713,0.0
845.336,0.0
844.96,0.0
844.583,0.0
844.207,0.0
843.831,0.0
843.454,0.0
843.079,0.0
842.703,0.0
842.328,0.0
841.952,0.0
841.578,0.0
841.202,0.0
840.828,0.0
840.453,0.0
840.079,0.0
839.705,0.0
839.33,0.0
838.956,0.0
838.583,0.0
838.209,0.0
837.836,0.0
837.462,0.0
837.088,0.0
836.716,0.0
836.343,0.0
835.97,0.0
835.598,0.0
835.225,0.0
834.854,0.0
834.482,0.0
834.109,0.0
833.738,0.0
833.366,0.0
832.995,0.0
832.624,0.0
832.253,0.0
831.882,0.0
831.511,0.0
831.141,0.0
830.771,0.0
830.4,0.0
830.03,0.0
829.66,0.0
829.291,0.0
828.922,0.0
828.552,0.0
828.183,0.0
827.813,0.0
827.445,0.0
827.076,0.0
826.708,0.0
826.339,0.0
825.971,0.0
825.603,0.0
825.235,0.0
824.867,0.0
824.5,0.0
824.133,0.0
823.765,0.0
823.398,0.0
823.031,0.0
822.664,0.0
822.297,0.0
821.932,0.0
821.565,0.0
821.199,0.0
820.833,0.0
820.467,0.0
820.102,0.0
819.736,0.0
819.371,0.0
819.006,0.0
818.641,0.0
818.276,0.0
817.911,0.0
817.547,0.0
817.183,0.0
816.818,0.0
816.454,0.0
816.091,0.0
815.727,0.0
815.363,0.0
815.0,0.0
814.637,0.0
814.274,0.0
813.911,0.0
813.548,0.0
813.185,0.0
812.823,0.0
812.461,0.0
812.099,0.0
811.737,0.0
811.375,0.0
811.013,0.0
810.652,0.0
810.291,0.0
809.929,0.0
809.569,0.0
809.208,0.0
808.847,0.0
808.487,0.0
808.126,0.0
807.766,0.0
807.406,0.0
807.046,0.0
806.686,0.0
806.327,0.0
805.968,0.0
805.609,0.0
805.25,0.0
804.891,0.0
804.532,0.0
804.173,0.0
803.815,0.0
803.456,0.0
803.099,0.0
802.741,0.0
802.383,0.0
802.025,0.0
801.668,0.0
801.31,0.0
800.953,0.0
800.596,0.0
800.239,0.0
799.882,0.0
799.526,0.0
799.169,0.0
798.813,0.0
798.457,0.0
798.101,0.0
797.746,0.0
797.39,0.0
797.035,0.0
796.679,0.0
796.324,0.0
795.969,0.0
795.614,0.0
795.26,0.0
794.905,0.0
794.551,0.0
794.197,0.0
793.842,0.0
793.489,0.0
793.135,0.0
792.781,0.0
792.428,0.0
792.075,0.0
791.722,0.0
791.369,0.0
791.016,0.0
790.663,0.0
790.311,0.0
789.959,0.0
789.606,0.0
789.255,0.0
788.902,0.0
788.55,0.0
788.199,0.0
787.848,0.0
787.496,0.0
787.146,0.0
786.794,0.0
786.444,0.0
786.093,0.0
785.742,0.0
785.392,0.0
785.042,0.0
784.692,0.0
784.342,0.0
783.992,0.0
783.643,0.0
783.293,0.0
782.944,0.0
782.595,0.0
782.246,0.0
781.897,0.0
781.548,0.0
781.2,0.0
780.852,0.0
780.504,0.0
780.155,0.0
779.808,0.0
779.46,0.0
779.112,0.0
778.765,0.0
778.417,0.0
778.07,0.0
777.723,0.0
777.377,0.0
777.03,0.0
776.684,0.0
776.337,0.0
775.991,0.0
775.645,0.0
775.299,0.0
774.953,0.0
774.607,0.0
774.262,0.0
773.917,0.0
773.572,0.0
773.227,0.0
772.881,0.0
772.537,0.0
772.192,0.0
771.848,0.0
771.503,0.0
771.159,0.0
770.815,0.0
770.472,0.0
770.128,0.0
769.785,0.0
769.441,0.0
769.098,0.0
768.755,0.0
768.412,0.0
768.069,0.0
767.726,0.0
767.384,0.0
767.042,0.0
766.699,0.0
766.357,0.0
766.015,0.0
765.674,0.0
765.332,0.0
764.991,0.0
764.649,0.0
764.308,0.0
763.967,0.0
763.626,0.0
763.286,0.0
762.945,0.0
762.605,0.0
762.265,0.0
761.925,0.0
761.584,0.0
761.244,0.0
760.905,0.0
760.565,0.0
760.226,0.0
759.887,0.0
759.548,0.0
759.209,0.0
758.87,0.0
758.531,0.0
758.193,0.0
757.854,0.0
757.516,0.0
757.178,0.0
756.84,0.0
756.503,0.0
756.165,0.0
755.827,0.0
755.49,0.0
755.152,0.0
754.816,0.0
754.479,0.0
754.142,0.0
753.805,0.0
753.469,0.0
753.133,0.0
752.796,0.0
752.46,0.0
752.124,0.0
751.789,0.0
751.453,0.0
751.118,0.0
750.782,0.0
750.447,0.0
750.112,0.0
749.777,0.0
749.443,0.0
749.108,0.0
748.773,0.0
748.439,0.0
748.105,0.0
747.771,0.0
747.437,0.0
747.104,0.0
746.77,0.0
746.436,0.0
746.103,0.0
745.77,0.0
745.437,0.0
745.104,0.0
744.771,0.0
744.438,0.0
744.106,0.0
743.774,0.004
743.442,0.004
743.11,0.004
742.778,0.004
742.446,0.004
742.115,0.004
741.783,0.004
741.452,0.004
741.12,0.004
740.789,0.004
740.458,0.004
740.128,0.004
739.797,0.004
739.466,0.004
739.136,0.004
738.806,0.004
738.476,0.004
738.146,0.004
737.816,0.004
737.487,0.004
737.157,0.004
736.828,0.004
736.498,0.004
736.169,0.004
735.841,0.004
735.512,0.004
735.183,0.004
734.854,0.004
734.526,0.004
734.198,0.004
733.87,0.004
733.542,0.004
733.214,0.004
732.886,0.004
732.559,0.004
732.231,0.004
731.904,0.004
731.577,0.004
731.249,0.004
730.923,0.004
730.596,0.004
730.27,0.004
729.943,0.004
729.617,0.004
729.29,0.004
728.965,0.004
728.639,0.004
728.313,0.004
727.987,0.004
727.662,0.004
727.336,0.004
727.011,0.004
726.686,0.004
726.361,0.004
726.036,0.004
725.712,0.004
725.388,0.004
725.063,0.004
724.739,0.004
724.415,0.004
724.09,0.004
723.767,0.004
723.443,0.004
723.12,0.004
722.796,0.004
722.473,0.004
722.15,0.004
721.826,0.004
721.503,0.004
721.181,0.004
720.858,0.004
720.535,0.004
720.213,0.004
719.891,0.004
719.569,0.004
719.247,0.004
718.925,0.004
718.603,0.004
718.281,0.004
717.96,0.004
717.639,0.004
717.318,0.004
716.997,0.004
716.676,0.004
716.355,0.004
716.034,0.004
715.714,0.004
715.393,0.004
715.073,0.004
714.753,0.004
714.433,0.004
714.113,0.004
713.794,0.004
713.474,0.004
713.154,0.004
712.835,0.004
712.516,0.004
712.197,0.004
711.878,0.004
711.559,0.004
711.241,0.004
710.922,0.004
710.604,0.004
710.286,0.004
709.967,0.004
709.649,0.004
709.331,0.004
709.014,0.004
708.696,0.004
708.379,0.004
708.061,0.004
707.744,0.004
707.427,0.004
707.11,0.004
706.793,0.004
706.477,0.004
706.16,0.004
705.844,0.004
705.527,0.004
705.211,0.004
704.895,0.004
704.579,0.004
704.263,0.004
703.947,0.004
703.632,0.004
703.316,0.004
703.001,0.004
702.686,0.004
702.371,0.004
702.056,0.004
701.741,0.004
701.426,0.004
701.112,0.004
700.797,0.012
700.483,0.012
700.169,0.012
699.855,0.012
699.541,0.012
699.227,0.012
698.914,0.012
698.6,0.012
698.287,0.012
697.974,0.012
697.66,0.012
697.347,0.012
697.035,0.012
696.722,0.012
696.409,0.012
696.096,0.012
695.784,0.012
695.472,0.012
695.16,0.012
694.848,0.012
694.536,0.012
694.224,0.012
693.912,0.012
693.6,0.012
693.289,0.012
692.978,0.012
692.667,0.012
692.356,0.012
692.045,0.012
691.734,0.012
691.423,0.012
691.113,0.012
690.803,0.012
690.492,0.012
690.182,0.012
689.872,0.012
689.562,0.012
689.252,0.012
688.943,0.012
688.633,0.012
688.324,0.012
688.014,0.012
687.705,0.012
687.396,0.012
687.087,0.012
686.778,0.012
686.47,0.012
686.161,0.012
685.852,0.012
685.544,0.012
685.236,0.012
684.928,0.012
684.619,0.012
684.312,0.018000000000000002
684.004,0.018000000000000002
683.696,0.018000000000000002
683.389,0.018000000000000002
683.081,0.018000000000000002
682.774,0.018000000000000002
682.467,0.01
682.16,0.01
681.853,0.01
681.546,0.01
681.24,0.01
680.933,0.01
680.626,0.01
680.32,0.01
680.014,0.01
679.708,0.01
679.402,0.01
679.096,0.01
678.79,0.01
678.484,0.01
678.179,0.01
677.874,0.01
677.568,0.01
677.263,0.01
676.958,0.01
676.653,0.01
676.349,0.01
676.044,0.01
675.739,0.01
675.435,0.01
675.13,0.01
674.826,0.01
674.522,0.01
674.218,0.01
673.914,0.01
673.61,0.01
673.307,0.01
673.003,0.01
672.7,0.01
672.396,0.01
672.093,0.01
671.79,0.01
671.487,0.01
671.184,0.01
670.881,0.01
670.579,0.01
670.276,0.006
669.974,0.01
669.671,0.006
669.369,0.01
669.067,0.006
668.765,0.006
668.463,0.006
668.162,0.006
667.86,0.006
667.558,0.006
667.257,0.006
666.956,0.006
666.654,0.006
666.353,0.006
666.052,0.006
665.751,0.006
665.45,0.006
665.15,0.006
664.849,0.006
664.549,0.006
664.249,0.006
663.948,0.006
663.648,0.006
663.348,0.006
663.048,0.006
662.749,0.006
662.449,0.006
662.149,0.006
661.85,0.006
661.551,0.006
661.251,0.006
660.952,0.006
660.653,0.006
660.354,0.006
660.055,0.006
659.757,0.01
659.458,0.01
659.16,0.01
658.861,0.01
658.563,0.01
658.265,0.01
657.967,0.01
657.668,0.01
657.371,0.01
657.073,0.01
656.775,0.01
656.478,0.01
656.18,0.01
655.883,0.024
655.586,0.024
655.289,0.024
654.992,0.024
654.694,0.024
654.398,0.024
654.101,0.024
653.804,0.024
653.508,0.024
653.211,0.024
652.915,0.024
652.619,0.024
652.323,0.024
652.027,0.024
651.731,0.024
651.435,0.024
651.139,0.058
650.844,0.058
650.548,0.058
650.253,0.058
649.957,0.058
649.662,0.058
649.367,0.058
649.072,0.058
648.777,0.058
648.482,0.058
648.188,0.058
647.893,0.058
647.598,0.058
647.304,0.058
647.009,0.058
646.715,0.058
646.421,0.058
646.127,0.058
645.833,0.058
645.539,0.058
645.245,0.058
644.952,0.058
644.658,0.058
644.365,0.058
644.071,0.058
643.778,0.058
643.485,0.058
643.192,0.058
642.899,0.058
642.606,0.058
642.313,0.058
642.02,0.058
641.728,0.058
641.435,0.058
641.142,0.058
640.85,0.058
640.558,0.058
640.266,0.058
639.973,0.058
639.682,0.058
639.39,0.058
639.098,0.058
638.806,0.058
638.514,0.058
638.223,0.058
637.931,0.064
637.64,0.064
637.349,0.064
637.057,0.064
636.766,0.064
636.475,0.064
636.184,0.064
635.893,0.064
635.603,0.064
635.312,0.064
635.022,0.064
634.731,0.064
634.44,0.064
634.15,0.064
633.86,0.064
633.57,0.064
633.28,0.064
632.99,0.064
632.7,0.064
632.41,0.064
632.12,0.06999999999999999
631.831,0.064
631.541,0.06999999999999999
631.252,0.06999999999999999
630.962,0.06999999999999999
630.673,0.06999999999999999
630.384,0.06999999999999999
630.095,0.06999999999999999
629.806,0.06999999999999999
629.517,0.06999999999999999
629.228,0.06999999999999999
628.939,0.06999999999999999
628.65,0.06999999999999999
628.361,0.06999999999999999
628.073,0.06999999999999999
627.784,0.06999999999999999
627.496,0.06999999999999999
627.207,0.06999999999999999
626.919,0.06999999999999999
626.631,0.06999999999999999
626.343,0.06999999999999999
626.055,0.06999999999999999
625.767,0.06999999999999999
625.479,0.06999999999999999
625.191,0.06999999999999999
624.903,0.06999999999999999
624.615,0.06999999999999999
624.328,0.06999999999999999
624.04,0.06999999999999999
623.753,0.06999999999999999
623.465,0.078
623.178,0.078
622.891,0.078
622.604,0.078
622.317,0.078
622.03,0.078
621.743,0.078
621.456,0.078
621.169,0.07200000000000001
620.882,0.07200000000000001
620.596,0.07200000000000001
620.309,0.07200000000000001
620.022,0.07200000000000001
619.736,0.07200000000000001
619.45,0.07200000000000001
619.163,0.07200000000000001
618.877,0.07200000000000001
618.591,0.07200000000000001
618.305,0.07200000000000001
618.019,0.07200000000000001
617.733,0.07200000000000001
617.447,0.07200000000000001
617.161,0.058
616.875,0.058
616.589,0.058
616.304,0.058
616.018,0.058
615.732,0.058
615.447,0.058
615.162,0.058
614.876,0.058
614.591,0.058
614.306,0.058
614.021,0.058
613.735,0.058
613.45,0.058
613.165,0.08
612.88,0.082
612.595,0.082
612.311,0.082
612.026,0.082
611.741,0.082
611.456,0.08800000000000001
611.172,0.08800000000000001
610.887,0.08800000000000001
610.602,0.08800000000000001
610.318,0.08800000000000001
610.034,0.08800000000000001
609.749,0.08800000000000001
609.465,0.08800000000000001
609.181,0.08800000000000001
608.897,0.092
608.613,0.092
608.328,0.092
608.044,0.098
607.76,0.098
607.476,0.098
607.192,0.098
606.908,0.098
606.625,0.106
606.341,0.106
606.057,0.106
605.773,0.106
605.49,0.106
605.206,0.106
604.923,0.106
604.639,0.106
604.356,0.106
604.072,0.106
603.789,0.106
603.505,0.106
603.222,0.106
602.939,0.106
602.656,0.11199999999999999
602.372,0.11199999999999999
602.089,0.11199999999999999
601.806,0.11800000000000001
601.523,0.11800000000000001
601.24,0.11800000000000001
600.956,0.11800000000000001
600.674,0.11800000000000001
600.391,0.124
600.108,0.124
599.825,0.124
599.542,0.124
599.259,0.124
598.976,0.126
598.693,0.126
598.41,0.12
598.128,0.12
597.845,0.12
597.562,0.12
597.279,0.146
596.997,0.146
596.714,0.146
596.431,0.146
596.149,0.146
595.866,0.146
595.583,0.16
595.301,0.178
595.018,0.178
594.736,0.178
594.453,0.178
594.171,0.178
593.888,0.178
593.606,0.178
593.323,0.184
593.041,0.184
592.758,0.2
592.475,0.2
592.193,0.2
591.91,0.2
591.628,0.2
591.346,0.196
591.063,0.196
590.78,0.196
590.498,0.196
590.216,0.196
589.933,0.202
589.651,0.208
589.368,0.202
589.086,0.208
588.803,0.22799999999999998
588.52,0.22799999999999998
588.238,0.22999999999999998
587.955,0.22999999999999998
587.673,0.22999999999999998
587.39,0.22999999999999998
587.107,0.22999999999999998
586.825,0.248
586.542,0.248
586.259,0.248
585.977,0.254
585.693,0.254
585.411,0.248
585.128,0.248
584.845,0.248
584.562,0.248
584.279,0.26
583.996,0.26
583.713,0.26
583.43,0.26
583.147,0.26
582.864,0.26
582.581,0.264
582.298,0.264
582.014,0.264
581.731,0.264
581.448,0.264
581.164,0.264
580.88,0.264
580.597,0.27
580.313,0.27
580.029,0.28400000000000003
579.746,0.28600000000000003
579.462,0.28600000000000003
579.178,0.28600000000000003
578.894,0.28600000000000003
578.61,0.28600000000000003
578.326,0.28600000000000003
578.041,0.28600000000000003
577.757,0.28600000000000003
577.473,0.28600000000000003
577.188,0.28600000000000003
576.904,0.28600000000000003
576.619,0.28600000000000003
576.334,0.314
576.049,0.314
575.764,0.314
575.479,0.314
575.194,0.314
574.908,0.326
574.623,0.326
574.337,0.332
574.052,0.332
573.766,0.332
573.48,0.332
573.194,0.332
572.907,0.332
572.621,0.332
572.334,0.332
572.048,0.332
571.761,0.332
571.474,0.332
571.186,0.348
570.899,0.348
570.612,0.362
570.324,0.362
570.035,0.362
569.747,0.362
569.459,0.362
569.171,0.362
568.882,0.37
568.593,0.37
568.303,0.37
568.014,0.37
567.724,0.37
567.434,0.37
567.144,0.37
566.854,0.37
566.563,0.37
566.272,0.37
565.981,0.37
565.689,0.37
565.397,0.364
565.105,0.364
564.812,0.364
564.519,0.364
564.226,0.364
563.932,0.364
563.639,0.364
563.345,0.388
563.05,0.364
562.755,0.388
562.46,0.386
562.164,0.388
561.867,0.386
561.571,0.38999999999999996
561.274,0.382
560.977,0.392
560.679,0.382
560.38,0.43
560.081,0.382
559.782,0.43
559.482,0.436
559.182,0.436
558.881,0.436
558.579,0.436
558.277,0.44400000000000006
557.975,0.436
557.672,0.44400000000000006
557.368,0.44400000000000006
557.064,0.466
556.759,0.466
556.453,0.466
556.147,0.47200000000000003
555.84,0.47200000000000003
555.533,0.47200000000000003
555.225,0.47200000000000003
554.916,0.44600000000000006
554.607,0.44400000000000006
554.297,0.44400000000000006
553.986,0.44999999999999996
553.675,0.468
553.363,0.468
553.05,0.48
552.737,0.48
552.423,0.498
552.108,0.498
551.793,0.498
551.476,0.508
551.16,0.524
550.842,0.524
550.524,0.524
550.205,0.544
549.886,0.544
549.566,0.5539999999999999
549.245,0.5539999999999999
548.924,0.5539999999999999
548.603,0.5660000000000001
548.28,0.5539999999999999
547.957,0.5539999999999999
547.634,0.5760000000000001
547.31,0.592
546.986,0.608
546.661,0.608
546.336,0.63
546.011,0.624
545.685,0.6459999999999999
545.358,0.628
545.032,0.628
544.705,0.656
544.379,0.674
544.051,0.674
543.724,0.674
543.397,0.696
543.069,0.7000000000000001
542.742,0.692
542.414,0.69
542.087,0.7000000000000001
541.759,0.694
541.432,0.6839999999999999
541.105,0.658
540.777,0.656
540.45,0.6779999999999999
540.123,0.694
539.797,0.694
539.47,0.676
539.145,0.6839999999999999
538.819,0.654
538.493,0.654
538.168,0.666
537.844,0.618
537.52,0.692
537.196,0.65
536.872,0.642
536.549,0.696
536.227,0.628
535.905,0.6479999999999999
535.583,0.62
535.262,0.612
534.941,0.618
534.621,0.618
534.302,0.61
533.983,0.5680000000000001
533.664,0.5780000000000001
533.347,0.5760000000000001
533.029,0.5519999999999999
532.712,0.5760000000000001
532.396,0.5760000000000001
532.08,0.586
531.766,0.604
531.451,0.604
531.137,0.604
530.824,0.602
530.51,0.59
530.198,0.598
529.886,0.598
529.575,0.598
529.264,0.606
528.953,0.604
528.644,0.604
528.335,0.586
528.026,0.592
527.717,0.592
527.41,0.592
527.102,0.606
526.795,0.604
526.489,0.618
526.183,0.612
525.877,0.616
525.572,0.626
525.268,0.616
524.964,0.616
524.66,0.616
524.357,0.624
524.054,0.616
523.751,0.616
523.449,0.618
523.147,0.618
522.846,0.632
522.545,0.612
522.244,0.626
521.944,0.64
521.645,0.656
521.345,0.6479999999999999
521.047,0.6479999999999999
520.748,0.6459999999999999
520.449,0.652
520.151,0.654
519.854,0.654
519.557,0.662
519.259,0.664
518.963,0.6779999999999999
518.667,0.6779999999999999
518.371,0.6779999999999999
518.076,0.6779999999999999
517.78,0.694
517.486,0.6859999999999999
517.191,0.6819999999999999
