379.409,0.0
377.874,0.0
376.343,0.0
374.818,0.0
373.297,0.0
371.782,0.0
370.273,0.0
368.77,0.0
367.274,0.0
365.784,0.0
364.303,0.0
362.829,0.0
361.363,0.0
359.906,0.0
358.459,0.0
357.02,0.0
355.591,0.0
354.172,0.0
352.763,0.0
351.365,0.0
349.978,0.0
348.601,0.0
347.235,0.0
345.881,0.0
344.538,0.0
343.206,0.0
341.886,0.0
340.578,0.0
339.281,0.0
337.996,0.0
336.723,0.0
335.461,0.0
334.212,0.0
332.973,0.0
331.746,0.0
330.531,0.0
329.327,0.0
328.135,0.0
326.954,0.0
325.785,0.0
324.626,0.0
323.479,0.0
322.342,0.0
321.217,0.0
320.102,0.0
318.998,0.0
317.905,0.0
316.822,0.0
315.749,0.0
314.687,0.0
313.634,0.0
312.592,0.0
311.56,0.0
310.538,0.0
309.525,0.0
308.522,0.0
307.528,0.0
306.544,0.0
305.569,0.0
304.603,0.0
303.646,0.0
302.698,0.0
301.758,0.0
300.828,0.0
299.906,0.0
298.993,0.0
298.088,0.0
297.191,0.0
296.302,0.0
295.421,0.0
294.547,0.0
293.682,0.0
292.824,0.0
291.974,0.0
291.131,0.0
290.295,0.0
289.467,0.0
288.645,0.0
287.83,0.0
287.022,0.0
286.22,0.0
285.424,0.0
284.635,0.0
283.852,0.0
283.075,0.0
282.304,0.0
281.538,0.0
280.778,0.0
280.024,0.0
279.274,0.0
278.53,0.0
277.791,0.0
277.057,0.0
276.328,0.0
275.604,0.0
274.884,0.0
274.17,0.0
273.46,0.0
272.755,0.0
272.055,0.0
271.359,0.0
270.669,0.0
269.984,0.0
269.305,0.0
268.63,0.0
267.961,0.0
267.298,0.0
266.64,0.0
265.989,0.0
265.344,0.0
264.705,0.0
264.072,0.0
263.446,0.0
262.825,0.0
262.212,0.0
261.605,0.0
261.003,0.0
260.408,0.0
259.819,0.0
259.236,0.0
258.658,0.0
258.086,0.0
257.519,0.0
256.957,0.0
256.4,0.0
255.847,0.0
255.298,0.0
254.753,0.0
254.212,0.0
253.675,0.0
253.141,0.0
252.61,0.0
252.082,0.0
251.557,0.0
251.034,0.0
250.514,0.0
249.996,0.0
249.48,0.0
248.966,0.0
248.454,0.0
247.943,0.0
247.434,0.0
246.926,0.0
246.419,0.0
245.913,0.0
245.408,0.0
244.903,0.0
244.399,0.0
243.896,0.0
243.393,0.0
242.889,0.0
242.387,0.0
241.883,0.0
241.38,0.0
240.876,0.0
240.372,0.0
239.867,0.0
239.361,0.0
238.854,0.0
238.347,0.0
237.838,0.0
237.329,0.0
236.818,0.0
236.306,0.0
235.793,0.0
235.278,0.0
234.762,0.0
234.244,0.0
233.724,0.0
233.203,0.0
232.681,0.0
232.157,0.0
231.631,0.0
231.105,0.0
230.577,0.0
230.048,0.0
229.519,0.0
228.99,0.0
228.46,0.0
227.931,0.0
227.404,0.0
226.877,0.0
226.353,0.0
225.831,0.0
225.313,0.0
224.797,0.0
224.286,0.0
223.778,0.0
223.275,0.0
222.776,0.0
222.282,0.0
221.792,0.0
221.306,0.0
220.824,0.0
220.346,0.0
219.871,0.0
219.401,0.0
218.932,0.0
218.467,0.0
218.004,0.0
217.544,0.0
217.086,0.0
216.629,0.0
216.175,0.0
215.722,0.0
215.27,0.0
214.82,0.0
214.371,0.0
213.924,0.0
213.478,0.0
213.033,0.0
212.589,0.0
212.147,0.0
211.706,0.0
211.266,0.0
210.828,0.0
210.391,0.0
209.956,0.0
209.522,0.0
209.09,0.0
208.66,0.0
208.231,0.0
207.804,0.0
207.38,0.0
206.958,0.0
206.537,0.0
206.12,0.0
205.704,0.0
205.291,0.0
204.881,0.0
204.473,0.0
204.067,0.0
203.664,0.0
203.263,0.0
202.865,0.0
202.468,0.0
202.073,0.0
201.681,0.0
201.289,0.0
200.9,0.0
200.511,0.0
200.124,0.0
199.738,0.0
199.352,0.0
198.968,0.0
198.584,0.0
198.2,0.0
197.817,0.0
197.433,0.0
197.05,0.0
196.667,0.0
196.284,0.0
195.9,0.0
195.517,0.0
195.134,0.0
194.751,0.0
194.369,0.0
193.987,0.0
193.608,0.0
193.23,0.0
192.854,0.0
192.482,0.0
192.113,0.0
191.748,0.0
191.388,0.0
191.032,0.0
190.682,0.0
190.336,0.0
189.996,0.0
189.66,0.0
189.33,0.0
189.003,0.0
188.682,0.0
188.364,0.0
188.051,0.0
187.741,0.0
187.434,0.0
187.131,0.0
186.832,0.0
186.534,0.0
186.24,0.0
185.948,0.0
185.658,0.0
185.371,0.0
185.085,0.0
184.801,0.0
184.519,0.0
184.238,0.0
183.959,0.0
183.681,0.0
183.404,0.0
183.128,0.0
182.853,0.0
182.579,0.0
182.306,0.0
182.033,0.0
181.762,0.0
181.492,0.0
181.223,0.0
180.955,0.0
180.689,0.0
180.424,0.0
180.16,0.0
179.898,0.0
179.637,0.0
179.379,0.0
179.122,0.0
178.866,0.0
178.613,0.0
178.362,0.0
178.113,0.0
177.866,0.0
177.621,0.0
177.379,0.0
177.138,0.0
176.901,0.0
176.666,0.0
176.433,0.0
176.203,0.0
175.976,0.0
175.752,0.0
175.53,0.0
175.311,0.0
175.094,0.0
174.88,0.0
174.669,0.0
174.46,0.0
174.254,0.0
174.05,0.0
173.848,0.0
173.649,0.0
173.451,0.0
173.257,0.0
173.064,0.0
172.873,0.0
172.685,0.0
172.498,0.0
172.313,0.0
172.131,0.0
171.95,0.0
171.771,0.0
171.594,0.0
171.419,0.0
171.246,0.0
171.074,0.0
170.904,0.0
170.736,0.0
170.57,0.0
170.405,0.0
170.241,0.0
170.08,0.0
169.919,0.0
169.76,0.0
169.603,0.0
169.446,0.0
169.291,0.0
169.137,0.0
168.983,0.0
168.831,0.0
168.68,0.0
168.53,0.003
168.38,0.003
168.231,0.003
168.083,0.003
167.935,0.003
167.789,0.003
167.642,0.004
167.497,0.005
167.352,0.006999999999999999
167.208,0.009000000000000001
167.064,0.01
166.92,0.011000000000000001
166.777,0.013
166.635,0.022000000000000002
166.494,0.024
166.352,0.024
166.212,0.026
166.072,0.026
165.932,0.026
165.793,0.026
165.654,0.043
165.516,0.05
165.378,0.05
165.241,0.053
165.104,0.053
164.968,0.053
164.832,0.06999999999999999
164.696,0.06999999999999999
164.561,0.094
164.426,0.10200000000000001
164.291,0.106
164.157,0.11800000000000001
164.023,0.127
163.89,0.13
163.757,0.13
163.624,0.13
163.491,0.14400000000000002
163.359,0.158
163.227,0.166
163.095,0.166
162.964,0.167
162.833,0.178
162.702,0.178
162.571,0.178
162.441,0.178
162.311,0.2
162.181,0.215
162.051,0.232
161.922,0.23700000000000002
161.793,0.24
161.664,0.242
161.535,0.248
161.407,0.255
161.279,0.27
161.151,0.27799999999999997
161.023,0.28300000000000003
160.895,0.28700000000000003
160.768,0.28900000000000003
160.64,0.294
160.513,0.296
160.387,0.307
160.26,0.313
160.133,0.32299999999999995
160.007,0.335
159.881,0.357
159.755,0.358
159.629,0.361
159.504,0.367
159.378,0.374
159.253,0.377
159.128,0.391
159.003,0.398
158.879,0.40099999999999997
158.754,0.407
158.63,0.407
158.505,0.418
158.381,0.43099999999999994
158.258,0.422
158.134,0.41200000000000003
158.011,0.416
157.887,0.416
157.764,0.40800000000000003
157.641,0.411
157.518,0.415
157.395,0.41900000000000004
157.273,0.411
157.151,0.407
157.029,0.428
156.907,0.426
156.785,0.42700000000000005
156.663,0.422
156.542,0.422
156.421,0.42300000000000004
156.3,0.41200000000000003
156.179,0.41900000000000004
156.058,0.41700000000000004
155.937,0.413
155.817,0.409
155.697,0.409
155.577,0.40499999999999997
155.457,0.40800000000000003
155.337,0.40800000000000003
155.218,0.404
155.098,0.40299999999999997
154.979,0.39699999999999996
154.86,0.39899999999999997
154.741,0.38999999999999996
154.623,0.391
154.504,0.38999999999999996
154.386,0.394
154.268,0.394
154.15,0.382
154.032,0.381
153.914,0.371
153.796,0.381
153.679,0.376
153.561,0.386
153.444,0.395
153.327,0.38999999999999996
153.21,0.395
153.093,0.385
152.976,0.375
152.86,0.368
152.743,0.382
152.626,0.371
152.51,0.373
152.393,0.368
152.277,0.366
152.16,0.364
152.044,0.362
151.928,0.35200000000000004
151.811,0.35100000000000003
151.695,0.346
151.579,0.346
151.463,0.35100000000000003
151.346,0.35200000000000004
151.23,0.349
151.114,0.348
150.998,0.35000000000000003
150.881,0.359
150.765,0.337
150.649,0.33999999999999997
150.532,0.33
150.416,0.321
150.299,0.329
150.183,0.32399999999999995
150.066,0.327
149.949,0.321
149.832,0.326
149.715,0.315
149.598,0.308
149.481,0.308
149.364,0.32399999999999995
149.247,0.338
149.129,0.33999999999999997
149.012,0.34099999999999997
148.894,0.336
148.776,0.332
148.658,0.33
148.54,0.334
148.422,0.334
148.304,0.322
148.185,0.321
148.067,0.322
147.948,0.325
147.829,0.331
147.71,0.331
147.59,0.333
147.471,0.331
147.351,0.335
147.231,0.312
147.111,0.312
146.991,0.32
146.87,0.32
146.749,0.332
146.628,0.333
146.507,0.325
146.385,0.32
146.264,0.322
146.142,0.334
146.02,0.333
145.897,0.329
145.774,0.335
145.651,0.336
145.528,0.336
145.405,0.348
145.281,0.36
145.157,0.37
145.033,0.37
144.908,0.37
144.783,0.382
144.658,0.38899999999999996
144.533,0.392
144.407,0.385
144.281,0.384
144.154,0.387
144.028,0.392
143.901,0.386
143.774,0.38899999999999996
143.646,0.402
143.519,0.409
143.39,0.409
143.262,0.416
143.133,0.426
143.004,0.42700000000000005
142.875,0.42
142.746,0.41900000000000004
142.616,0.41900000000000004
142.486,0.41900000000000004
142.355,0.41900000000000004
142.225,0.426
142.094,0.445
141.962,0.45199999999999996
141.831,0.449
141.699,0.451
141.567,0.44600000000000006
141.435,0.44799999999999995
141.302,0.45199999999999996
141.169,0.45399999999999996
141.036,0.45599999999999996
140.903,0.462
140.77,0.462
140.636,0.462
140.502,0.45799999999999996
140.368,0.443
140.233,0.443
140.098,0.44799999999999995
139.963,0.45199999999999996
139.828,0.45399999999999996
139.693,0.445
139.558,0.44600000000000006
139.422,0.447
139.286,0.43499999999999994
139.15,0.443
139.013,0.447
138.877,0.46299999999999997
138.74,0.464
138.603,0.46499999999999997
138.466,0.46299999999999997
138.328,0.453
138.191,0.459
138.053,0.459
137.915,0.46699999999999997
137.776,0.46699999999999997
137.638,0.461
137.499,0.468
137.36,0.46299999999999997
137.221,0.46499999999999997
137.081,0.469
136.942,0.47200000000000003
136.801,0.47200000000000003
136.661,0.482
136.52,0.505
136.38,0.519
136.238,0.523
136.097,0.539
135.955,0.553
135.813,0.5599999999999999
135.67,0.5519999999999999
135.528,0.541
135.384,0.538
135.241,0.545
135.097,0.5499999999999999
134.952,0.553
134.807,0.555
134.662,0.5559999999999999
134.517,0.5660000000000001
134.371,0.5780000000000001
134.224,0.563
134.077,0.611
133.929,0.637
133.781,0.661
133.633,0.659
133.483,0.656
133.334,0.661
133.184,0.654
133.033,0.6819999999999999
132.881,0.6689999999999999
132.729,0.6709999999999999
132.577,0.6890000000000001
132.423,0.699
132.269,0.696
132.114,0.711
131.959,0.721
131.802,0.733
131.645,0.729
131.487,0.744
131.328,0.744
131.168,0.745
131.008,0.752
130.846,0.738
130.683,0.751
130.519,0.744
130.353,0.747
130.186,0.755
130.018,0.759
129.849,0.752
129.678,0.743
129.505,0.749
129.331,0.738
129.155,0.734
128.977,0.73
128.798,0.728
128.616,0.722
128.433,0.738
128.248,0.74
128.062,0.724
127.874,0.728
127.685,0.755
127.494,0.746
127.303,0.74
127.112,0.697
126.921,0.67
126.731,0.675
126.541,0.6649999999999999
126.352,0.668
126.165,0.6669999999999999
125.98,0.652
125.797,0.656
125.616,0.659
125.436,0.6859999999999999
125.258,0.675
125.081,0.668
124.905,0.6669999999999999
124.729,0.676
124.553,0.666
124.376,0.679
124.2,0.7080000000000001
124.022,0.731
123.845,0.722
123.666,0.737
123.488,0.705
123.309,0.6799999999999999
123.129,0.6689999999999999
122.95,0.67
122.77,0.655
122.59,0.643
122.41,0.637
122.23,0.642
122.049,0.599
121.868,0.603
121.686,0.607
121.505,0.612
121.322,0.608
121.139,0.5950000000000001
120.956,0.565
120.772,0.567
120.588,0.561
120.403,0.505
120.218,0.494
120.032,0.47400000000000003
119.845,0.45799999999999996
119.658,0.44999999999999996
119.47,0.44400000000000006
119.282,0.42500000000000004
119.093,0.414
118.903,0.41000000000000003
118.713,0.394
118.522,0.381
118.33,0.362
118.138,0.35400000000000004
117.945,0.344
117.752,0.326
117.557,0.316
117.362,0.314
117.166,0.309
116.97,0.297
116.772,0.27599999999999997
116.574,0.265
116.375,0.258
116.175,0.256
115.975,0.244
115.774,0.23900000000000002
115.572,0.232
115.369,0.232
115.165,0.22499999999999998
114.961,0.212
114.756,0.212
114.549,0.20400000000000001
114.343,0.21
114.135,0.193
113.926,0.183
113.717,0.187
113.506,0.173
113.295,0.173
113.083,0.172
112.87,0.174
112.656,0.173
112.442,0.165
112.226,0.163
112.01,0.163
111.792,0.166
111.574,0.161
111.355,0.16
111.135,0.15
110.914,0.15
110.692,0.14400000000000002
110.469,0.14400000000000002
110.245,0.149
110.02,0.131
109.795,0.11100000000000002
109.568,0.105
109.34,0.101
109.111,0.101
108.882,0.096
108.651,0.096
108.419,0.096
108.186,0.08800000000000001
107.951,0.073
107.716,0.073
107.479,0.062
107.242,0.06
107.003,0.07200000000000001
106.764,0.06999999999999999
106.523,0.06999999999999999
106.282,0.065
106.04,0.058
105.798,0.058
105.555,0.056999999999999995
105.311,0.047
105.067,0.044000000000000004
104.822,0.036000000000000004
104.577,0.034
104.332,0.052
104.086,0.043
103.839,0.033
103.592,0.031
103.345,0.03
103.097,0.029
102.849,0.03
102.601,0.03
102.352,0.034999999999999996
102.103,0.034999999999999996
101.854,0.041
101.605,0.086
101.356,0.093
101.107,0.097
100.858,0.093
100.609,0.106
100.361,0.106
100.112,0.091
99.8629,0.09
99.6142,0.093
99.3654,0.092
99.1167,0.092
98.8679,0.092
98.619,0.09
98.3701,0.09
98.1211,0.09
97.8721,0.09
97.623,0.09
97.374,0.086
97.125,0.086
96.876,0.086
96.627,0.097
96.3782,0.092
96.1294,0.087
95.8807,0.08499999999999999
95.6321,0.076
95.3835,0.082
95.1351,0.08499999999999999
94.8868,0.089
94.6385,0.082
94.3903,0.082
94.1423,0.08099999999999999
93.8945,0.083
93.6467,0.08
93.3991,0.08099999999999999
93.1518,0.08099999999999999
92.9045,0.08099999999999999
92.6575,0.08099999999999999
92.4106,0.094
92.164,0.097
91.9175,0.094
91.6712,0.093
91.4251,0.093
91.1792,0.108
90.9335,0.11199999999999999
90.688,0.105
90.4428,0.104
90.1977,0.12
89.9529,0.134
89.7083,0.134
89.4639,0.133
89.2199,0.13699999999999998
88.976,0.13999999999999999
88.7325,0.13999999999999999
88.4891,0.149
88.2461,0.148
88.0034,0.153
87.7609,0.163
87.5187,0.163
87.2768,0.156
87.0352,0.164
86.7939,0.152
86.553,0.15
86.3124,0.158
86.0721,0.159
85.8322,0.159
85.5927,0.158
85.3535,0.155
85.1146,0.16199999999999998
84.8761,0.159
84.638,0.163
84.4004,0.16199999999999998
84.1631,0.163
83.9262,0.161
83.6897,0.168
83.4537,0.173
83.218,0.178
82.9829,0.181
82.7482,0.174
82.5139,0.172
82.2801,0.17700000000000002
82.0468,0.174
81.8139,0.165
81.5816,0.165
81.3497,0.178
81.1183,0.17600000000000002
80.8875,0.185
80.6572,0.194
80.4274,0.197
80.1981,0.19
79.9694,0.19
79.7413,0.17500000000000002
79.5136,0.17099999999999999
79.2866,0.167
79.06,0.17099999999999999
78.8341,0.185
78.6087,0.188
78.3838,0.188
78.1596,0.201
77.9359,0.186
77.7127,0.183
77.4902,0.17500000000000002
77.2682,0.174
77.0468,0.174
76.8259,0.18
76.6057,0.181
76.3861,0.185
76.167,0.196
75.9485,0.198
75.7305,0.207
75.5132,0.20600000000000002
75.2965,0.20600000000000002
75.0803,0.219
74.8648,0.22899999999999998
74.6497,0.22899999999999998
74.4354,0.217
74.2215,0.22100000000000003
74.0082,0.212
73.7955,0.212
73.5834,0.20500000000000002
73.3718,0.215
73.1608,0.208
72.9504,0.219
72.7405,0.22399999999999998
72.5312,0.24
72.3224,0.22799999999999998
72.1141,0.23500000000000001
71.9065,0.22999999999999998
71.6993,0.22499999999999998
71.4927,0.217
71.2866,0.22300000000000003
71.0811,0.219
70.876,0.219
70.6715,0.231
70.4675,0.231
70.264,0.253
70.061,0.272
69.8585,0.27999999999999997
69.6564,0.27999999999999997
69.4549,0.28800000000000003
69.2538,0.27999999999999997
69.0532,0.27499999999999997
68.8531,0.27699999999999997
68.6534,0.27299999999999996
68.4542,0.281
68.2554,0.281
68.0571,0.294
67.8592,0.31
67.6617,0.319
67.4646,0.327
67.268,0.327
67.0717,0.329
66.8759,0.332
66.6804,0.335
66.4854,0.335
66.2907,0.335
66.0963,0.35300000000000004
65.9023,0.362
65.7087,0.369
65.5155,0.375
65.3225,0.38
65.1299,0.386
64.9376,0.386
64.7456,0.40499999999999997
64.5539,0.414
64.3625,0.42500000000000004
64.1714,0.445
63.9806,0.46699999999999997
63.79,0.469
63.5997,0.481
63.4097,0.479
63.2198,0.47200000000000003
63.0303,0.47200000000000003
62.8409,0.49500000000000005
62.6518,0.505
62.4629,0.524
62.2743,0.5309999999999999
62.0858,0.538
61.8975,0.532
61.7095,0.539
61.5216,0.5479999999999999
61.3339,0.562
61.1465,0.567
60.9591,0.581
60.772,0.592
60.5851,0.594
60.3984,0.615
60.2119,0.615
60.0255,0.615
59.8393,0.632
59.6534,0.633
59.4676,0.662
59.282,0.6689999999999999
59.0966,0.664
58.9115,0.6689999999999999
58.7266,0.6819999999999999
58.5418,0.685
58.3573,0.688
58.173,0.721
57.9889,0.732
57.805,0.766
57.6214,0.784
57.4379,0.7799999999999999
57.2547,0.766
57.0716,0.796
56.8888,0.808
56.7062,0.83
56.5239,0.8420000000000001
56.3417,0.8410000000000001
56.1598,0.84
55.9783,0.864
55.797,0.873
55.616,0.876
55.4354,0.86
55.2551,0.857
55.0752,0.8750000000000001
54.8958,0.8750000000000001
54.7167,0.88
54.5381,0.8909999999999999
54.3599,0.9079999999999999
54.1823,0.9199999999999999
54.0052,0.9259999999999999
53.8286,0.947
53.6527,0.9440000000000001
53.4774,0.9450000000000001
53.3028,0.968
53.1289,0.987
52.9557,1.0
52.7833,1.001
52.6116,1.006
52.4406,1.038
52.2703,1.039
52.1008,1.043
51.9319,1.059
51.7636,1.06
51.5959,1.043
51.4288,1.055
51.2621,1.082
51.096,1.113
50.9303,1.1119999999999999
50.7651,1.139
50.6004,1.163
50.4362,1.171
50.2723,1.17
50.1091,1.201
49.9463,1.2189999999999999
49.784,1.242
49.6221,1.248
49.4608,1.268
49.3,1.277
49.1397,1.29
48.9799,1.313
48.8207,1.3299999999999998
48.662,1.353
48.5038,1.388
48.3462,1.414
48.1892,1.417
48.0328,1.433
47.877,1.482
47.7218,1.493
47.5672,1.52
47.4132,1.562
47.2599,1.576
47.1072,1.603
46.9552,1.6400000000000001
46.8038,1.662
46.653,1.677
46.5029,1.709
46.3534,1.725
46.2046,1.7409999999999999
46.0564,1.763
45.9088,1.78
45.7619,1.813
45.6157,1.8610000000000002
45.47,1.891
45.325,1.924
45.1806,1.942
45.0368,1.974
44.8936,2.011
44.751,2.017
44.609,2.0389999999999997
44.4676,2.083
44.3268,2.101
44.1866,2.1430000000000002
44.047,2.146
43.9079,2.175
43.7694,2.2089999999999996
43.6314,2.225
43.4941,2.253
43.3572,2.303
43.221,2.339
43.0852,2.386
42.95,2.431
42.8153,2.444
42.6812,2.456
42.5476,2.474
42.4145,2.504
42.282,2.527
42.1499,2.553
42.0184,2.5860000000000003
41.8874,2.6149999999999998
41.757,2.6790000000000003
41.627,2.71
41.4976,2.735
41.3686,2.758
41.2402,2.798
41.1122,2.8129999999999997
40.9848,2.848
40.8578,2.8920000000000003
40.7314,2.947
40.6054,2.9899999999999998
40.4799,3.0380000000000003
40.3549,3.066
40.2305,3.1220000000000003
40.1065,3.143
39.9829,3.182
39.8599,3.213
39.7374,3.286
39.6153,3.338
39.4937,3.3680000000000003
39.3726,3.3970000000000002
39.2519,3.422
39.1318,3.4250000000000003
39.0121,3.473
38.8929,3.51
38.7741,3.563
38.6558,3.573
38.538,3.641
38.4206,3.676
38.3037,3.711
38.1872,3.7470000000000003
38.0713,3.7379999999999995
37.9557,3.798
37.8406,3.872
37.726,3.92
37.6118,3.9419999999999997
37.4981,4.008
37.3848,4.048
37.2719,4.082
37.1595,4.156
37.0476,4.2090000000000005
36.936,4.266
36.825,4.358
36.7143,4.42
36.6041,4.522
36.4943,4.549
36.385,4.594
36.2761,4.619
36.1676,4.714
36.0595,4.760000000000001
35.9519,4.802
35.8447,4.861
35.7379,4.917
35.6315,4.934
35.5256,4.976
35.4201,5.018000000000001
35.3149,5.07
35.2102,5.122999999999999
35.106,5.179
35.0021,5.256
34.8986,5.296
34.7956,5.344
34.6929,5.433000000000001
34.5907,5.486
34.4889,5.558
34.3875,5.58
34.2864,5.659
34.1858,5.692
34.0856,5.686
33.9858,5.749
33.8864,5.7860000000000005
33.7873,5.886
33.6887,5.929
33.5904,5.985
33.4926,6.029
33.3951,6.078
33.2981,6.103
33.2014,6.111
33.1051,6.1850000000000005
33.0092,6.243
32.9137,6.354
32.8185,6.433
32.7237,6.506
32.6294,6.566
32.5354,6.611000000000001
32.4417,6.664000000000001
32.3485,6.728000000000001
32.2556,6.819999999999999
32.1631,6.917
32.071,6.997000000000001
31.9792,7.0680000000000005
31.8878,7.132
31.7968,7.194000000000001
31.7061,7.2379999999999995
31.6158,7.295
31.5259,7.352
31.4363,7.426000000000001
31.3471,7.452
31.2583,7.513
31.1698,7.587000000000001
31.0816,7.636
30.9939,7.682
30.9064,7.797999999999999
30.8194,7.858999999999999
30.7326,7.907
30.6463,7.953
30.5603,7.992000000000001
30.4746,8.045
30.3893,8.1
30.3043,8.151
30.2196,8.18
30.1354,8.293000000000001
30.0514,8.359
29.9678,8.376
29.8845,8.412
29.8015,8.509
29.7189,8.549
29.6367,8.576
29.5547,8.645999999999999
29.4731,8.688
29.3918,8.784
29.3109,8.849
29.2303,8.921
29.15,8.924
29.07,9.009
28.9903,9.085
28.911,9.094
28.832,9.120000000000001
28.7533,9.142999999999999
28.6749,9.209
28.5968,9.228
28.5191,9.283
28.4416,9.335
28.3645,9.425
28.2877,9.397
28.2111,9.406
28.135,9.454
28.059,9.492
27.9834,9.512
27.9082,9.55
27.8332,9.564
27.7585,9.643
27.6841,9.678
27.61,9.687999999999999
27.5362,9.747
27.4627,9.780999999999999
27.3894,9.826
27.3165,9.832
27.2439,9.856
27.1715,9.883000000000001
27.0995,9.959
27.0277,10.024
26.9562,10.087
26.885,10.155
26.8141,10.184
26.7434,10.235
26.6731,10.287
26.603,10.334999999999999
26.5332,10.344000000000001
26.4636,10.406
26.3943,10.433
26.3253,10.453999999999999
26.2566,10.469000000000001
26.1882,10.505
26.12,10.523
26.0521,10.564
25.9844,10.594000000000001
25.917,10.634
25.8499,10.668
25.7831,10.659
25.7165,10.731
25.6501,10.761
25.584,10.82
25.5182,10.828
25.4526,10.866000000000001
25.3873,10.896
25.3223,10.908
25.2575,10.938
25.1929,10.965
25.1286,11.017000000000001
25.0645,11.068999999999999
25.0007,11.146
24.9371,11.186
24.8738,11.229
24.8107,11.267000000000001
24.7479,11.276
24.6853,11.322000000000001
24.623,11.338
24.5608,11.405999999999999
24.499,11.48
24.4373,11.509
24.3759,11.522
24.3147,11.576
24.2538,11.654
24.1931,11.697000000000001
24.1326,11.738
24.0724,11.787
24.0124,11.852
23.9526,11.88
23.893,11.926
23.8337,11.968
23.7746,12.019
23.7157,12.046999999999999
23.657,12.087
23.5985,12.148
23.5403,12.213000000000001
23.4823,12.264999999999999
23.4245,12.341000000000001
23.367,12.391
23.3096,12.439
23.2525,12.501000000000001
23.1956,12.574
23.1389,12.655
23.0824,12.709000000000001
23.0261,12.792
22.97,12.848
22.9141,12.856000000000002
22.8585,12.882
22.803,12.936
22.7478,13.007
22.6928,13.053
22.6379,13.122
22.5833,13.136000000000001
22.5289,13.164000000000001
22.4746,13.205
22.4206,13.234000000000002
22.3668,13.225000000000001
22.3132,13.259000000000002
22.2598,13.347999999999999
22.2065,13.372
22.1535,13.415
22.1007,13.483
22.0481,13.532
21.9957,13.516
21.9434,13.68
21.8914,13.644
21.8395,13.761999999999999
21.7877,13.796
21.7362,13.833
21.6849,13.911000000000001
21.6339,13.911999999999999
21.5829,14.01
21.5322,14.052000000000001
21.4816,14.124
21.4312,14.179
21.3811,14.198
21.331,14.27
21.2812,14.292
21.2315,14.330000000000002
21.1821,14.376
21.1328,14.362
21.0837,14.460999999999999
21.0347,14.472
20.986,14.523
20.9374,14.575
20.889,14.557
20.8407,14.649000000000001
20.7926,14.655000000000001
20.7447,14.707
20.697,14.764
20.6494,14.761
20.602,14.831
20.5547,14.890999999999998
20.5076,14.927000000000001
20.4607,14.940999999999999
20.4139,15.035000000000002
20.3672,15.079999999999998
20.3208,15.131
20.2744,15.137999999999998
20.2282,15.206
20.1822,15.209
20.1363,15.296000000000001
20.0905,15.332
20.0449,15.39
19.9994,15.487
19.954,15.547
19.9088,15.631999999999998
19.8638,15.681999999999999
19.8189,15.742
19.7741,15.834999999999999
19.7295,15.831999999999999
19.6851,15.878
19.6408,15.952
19.5967,15.997
19.5527,16.076999999999998
19.5088,16.114
19.465,16.184
19.4213,16.220000000000002
19.3777,16.27
19.3343,16.341
19.291,16.357
19.2478,16.435
19.2047,16.512
19.1618,16.536
19.1189,16.545
19.0761,16.599
19.0334,16.602
18.9908,16.645
18.9484,16.716
18.906,16.74
18.8638,16.77
18.8216,16.785
18.7796,16.793
18.7376,16.858999999999998
18.6958,16.929
18.6541,17.017
18.6125,17.083000000000002
18.5711,17.134
18.5299,17.151
18.4889,17.177999999999997
18.4481,17.207
18.4075,17.238
18.3671,17.241999999999997
18.3268,17.269000000000002
18.2868,17.304
18.2469,17.316000000000003
18.2072,17.349999999999998
18.1675,17.362
18.1281,17.4
18.0887,17.444000000000003
18.0494,17.473
18.0103,17.532
17.9712,17.563000000000002
17.9324,17.626
17.8936,17.697
17.8551,17.732
17.8166,17.794999999999998
17.7784,17.791999999999998
17.7403,17.835
17.7023,17.876
17.6645,17.922
17.6268,17.998
17.5893,18.048000000000002
17.5519,18.111
17.5147,18.160999999999998
17.4776,18.22
17.4406,18.271
17.4038,18.319
17.3671,18.376
17.3305,18.451999999999998
17.2941,18.493000000000002
17.2579,18.631
17.2217,18.631
17.1858,18.762999999999998
17.1499,18.756
17.1143,18.826999999999998
17.0787,18.798000000000002
17.0434,18.969
17.0082,18.833
16.9732,19.042
16.9382,18.971
16.9032,19.187
16.8684,19.221
16.8337,19.271
16.7993,19.362
16.7651,19.337
16.7309,19.432
16.6968,19.521
16.6628,19.556
16.6291,19.578
16.5955,19.599
16.562,19.667
16.5286,19.682
16.4953,19.689999999999998
16.4622,19.832
16.4293,19.759999999999998
16.3964,19.933
16.3637,19.926
16.331,19.955000000000002
16.2986,20.055999999999997
16.2663,20.068
16.2341,20.18
16.202,20.155
16.17,20.183999999999997
16.1382,20.294999999999998
16.1065,20.267
16.0749,20.413
16.0434,20.466
16.012,20.511
15.9808,20.549
15.9497,20.589
15.9188,20.684
15.8879,20.673
15.8572,20.729
15.8265,20.752000000000002
15.796,20.777
15.7657,20.846999999999998
15.7354,20.89
15.7053,20.901
15.6752,20.954
15.6453,21.049
15.6155,21.047
15.5858,21.117
15.5563,21.123
15.5268,21.173000000000002
15.4974,21.257
15.4682,21.331
15.4391,21.396
15.4101,21.442
15.3812,21.496000000000002
15.3524,21.52
15.3237,21.539
15.2952,21.612000000000002
15.2667,21.636
15.2384,21.685
15.2101,21.757
15.182,21.798000000000002
15.154,21.82
15.1261,21.881999999999998
15.0982,21.932
15.0705,21.967
15.0429,21.956
15.0154,22.012
14.988,22.026
14.9607,22.076
14.9335,22.159000000000002
14.9065,22.181
14.8795,22.198999999999998
14.8526,22.239
14.8258,22.325999999999997
14.7991,22.394
14.7725,22.464000000000002
14.746,22.486
14.7196,22.523
14.6934,22.558
14.6672,22.579
14.6411,22.61
14.6151,22.653000000000002
14.5892,22.701999999999998
14.5634,22.718
14.5376,22.750999999999998
14.512,22.785
14.4865,22.841
14.4611,22.878999999999998
14.4357,22.971
14.4105,22.991
14.3853,23.061999999999998
14.3603,23.077
14.3353,23.108999999999998
14.3104,23.119999999999997
14.2857,23.158
14.261,23.200000000000003
14.2364,23.264000000000003
14.2118,23.323
14.1874,23.371
14.1631,23.382
14.1388,23.411
14.1147,23.427999999999997
14.0906,23.518
14.0666,23.521
14.0427,23.578
14.0189,23.602
13.9951,23.665
13.9715,23.74
13.9479,23.803
13.9245,23.833
13.9011,23.899
13.8777,23.924
13.8545,23.954
13.8314,24.004
13.8083,24.024
13.7853,24.052
13.7624,24.061
13.7396,24.089
13.7169,24.176000000000002
13.6943,24.099999999999998
13.6718,24.227999999999998
13.6494,24.142
13.627,24.282
13.6048,24.177
13.5825,24.323
13.5603,24.366
13.538,24.503
13.5159,24.506
13.4939,24.493000000000002
13.4721,24.603
13.4504,24.526999999999997
13.4287,24.712
13.407,24.709999999999997
13.3854,24.732000000000003
13.3639,24.845
13.3425,24.787
13.3212,24.903
13.2999,24.913
13.2787,24.929000000000002
13.2575,24.997
13.2365,24.993000000000002
13.2156,25.046000000000003
13.1947,25.05
13.1738,25.095
13.1531,25.131999999999998
13.1324,25.115
13.1118,25.173000000000002
13.0912,25.188
13.0707,25.228
13.0503,25.243
13.03,25.295
13.0097,25.407999999999998
12.9895,25.403
12.9694,25.527
12.9493,25.477
12.9293,25.591
12.9094,25.624999999999996
12.8895,25.630999999999997
12.8697,25.691999999999997
12.85,25.696
12.8303,25.730999999999998
12.8107,25.746999999999996
12.7912,25.766
12.7717,25.791999999999998
12.7523,25.832
12.733,25.863999999999997
12.7137,25.898
12.6945,25.945
12.6754,25.997999999999998
12.6563,26.012
12.6373,26.063
12.6183,26.11
12.5994,26.131999999999998
12.5806,26.151999999999997
12.5618,26.189
12.5431,26.266000000000002
12.5244,26.273999999999997
12.5058,26.279000000000003
12.4873,26.308999999999997
12.4689,26.340000000000003
12.4504,26.426
12.4321,26.459
12.4138,26.491999999999997
12.3956,26.531
12.3774,26.546999999999997
12.3593,26.593
12.3412,26.68
12.3232,26.677
12.3053,26.706999999999997
12.2874,26.759
12.2696,26.840000000000003
12.2518,26.895999999999997
12.2341,26.917
12.2165,26.945999999999998
12.1989,26.967000000000002
12.1813,26.997
12.1639,27.067000000000004
12.1464,27.106
12.1291,27.217000000000002
12.1117,27.223000000000003
12.0945,27.276
12.0773,27.305
12.0601,27.381
12.043,27.431
12.026,27.453
12.009,27.499000000000002
11.9921,27.522999999999996
11.9752,27.547
11.9583,27.588
11.9416,27.626
11.9248,27.717000000000002
11.9082,27.717000000000002
11.8915,27.733
11.875,27.784
11.8584,27.819
11.842,27.869
11.8256,27.91
11.8092,27.945999999999998
11.7929,27.979
11.7766,28.016000000000002
11.7604,28.046
11.7442,28.069
11.7281,28.132
11.712,28.147
11.696,28.183999999999997
11.6801,28.249000000000002
11.6641,28.288000000000004
11.6483,28.310999999999996
11.6324,28.359
11.6167,28.435
11.6009,28.536
11.5853,28.561999999999998
11.5696,28.596
11.5541,28.616000000000003
11.5385,28.673
11.523,28.686
11.5076,28.701
11.4922,28.723
11.4768,28.762999999999998
11.4615,28.834
11.4463,28.893
11.431,28.955
11.4159,28.963
11.4008,28.969
11.3857,29.014
11.3706,29.066
11.3557,29.128999999999998
11.3407,29.159000000000002
11.3258,29.192
11.311,29.217
11.2961,29.282000000000004
11.2814,29.325000000000003
11.2666,29.402
11.252,29.387
11.2373,29.487999999999996
11.2227,29.452
11.2082,29.555
11.1937,29.579
11.1792,29.654999999999998
11.1648,29.624
11.1505,29.711
11.1362,29.705
11.122,29.822
11.1078,29.704000000000004
11.0937,29.918
11.0795,29.835
11.0653,30.009000000000004
11.0511,29.942999999999998
11.0369,30.051
11.0228,30.160999999999998
11.0088,30.076999999999998
10.995,30.186
10.9812,30.175
10.9673,30.307000000000002
10.9534,30.317
10.9396,30.37
10.9258,30.44
10.9122,30.392999999999997
10.8986,30.470999999999997
10.885,30.551000000000002
10.8713,30.556
10.8577,30.586000000000002
10.8442,30.592999999999996
10.8308,30.746000000000002
10.8174,30.636999999999997
10.804,30.803000000000004
10.7906,30.829
10.7773,30.880000000000003
10.764,30.9
10.7507,30.91
10.7375,30.935000000000002
10.7244,30.897999999999996
10.7112,31.016
10.6981,30.997999999999998
10.685,31.052999999999997
10.672,31.106
10.659,31.080000000000002
10.646,31.167
10.6331,31.166
10.6202,31.2
10.6073,31.249
10.5945,31.285
10.5817,31.291999999999998
10.569,31.294
10.5562,31.34
10.5435,31.381999999999998
10.5309,31.452999999999996
10.5182,31.512
10.5056,31.532
10.4931,31.580000000000002
10.4805,31.633
10.468,31.703
10.4556,31.721
10.4431,31.762
10.4307,31.801000000000002
10.4183,31.844
10.406,31.861
10.3937,31.866
10.3814,31.930999999999997
10.3691,31.936999999999998
10.3569,31.991000000000003
10.3447,32.038
10.3325,32.074000000000005
10.3204,32.107
10.3083,32.147999999999996
10.2962,32.151
10.2841,32.196999999999996
10.2721,32.217
10.2601,32.237
10.2481,32.286
10.2362,32.311
10.2243,32.344
10.2124,32.352
10.2005,32.394
10.1887,32.403999999999996
10.1769,32.431
10.1651,32.464999999999996
10.1533,32.49
10.1416,32.525
10.1299,32.538
10.1182,32.572
10.1065,32.592
10.0949,32.622
10.0833,32.638
10.0717,32.66
10.0601,32.687
10.0486,32.674
10.0371,32.73
10.0255,32.754
10.0141,32.78
10.0026,32.826
9.99116,32.847
9.97974,32.885999999999996
9.96834,32.93
9.95695,33.003
9.94558,33.032000000000004
9.93424,33.046
9.92291,33.096
9.91159,33.12
9.9003,33.167
9.88902,33.202
9.87775,33.251999999999995
9.8665,33.292
9.85526,33.329
9.84404,33.373999999999995
9.83282,33.403
9.82162,33.459
9.81044,33.498
9.79926,33.537
9.78809,33.564
9.77693,33.586
9.76578,33.613
9.75464,33.633
9.7435,33.672999999999995
9.73237,33.735
9.72125,33.797
9.71012,33.822
9.69901,33.85
9.68789,33.845
9.67677,33.885
9.66566,33.924
9.65455,33.961000000000006
9.64343,34.016000000000005
9.63231,34.065
9.62119,34.104
9.61006,34.152
9.59893,34.185
9.58779,34.214
9.57664,34.268
9.56548,34.304
9.55431,34.305
9.54313,34.292
9.53193,34.312
9.52073,34.286
9.50951,34.355999999999995
9.49827,34.366
9.48702,34.452
9.47575,34.455999999999996
9.46446,34.521
9.45316,34.586
9.44183,34.622
9.4305,34.656
9.41915,34.698
9.4078,34.699000000000005
9.39645,34.747
9.38511,34.748000000000005
9.37379,34.782999999999994
9.3625,34.735
9.35118,34.799
9.33973,34.772
9.32805,34.863
9.31618,34.939
9.30429,34.949000000000005
9.29259,35.003
9.2811,34.958
9.26965,35.014
9.25805,35.047
9.24626,35.039
9.2344,35.049
9.22261,34.973
9.21097,35.076
9.19935,35.077000000000005
9.18766,35.093999999999994
9.17585,35.134
9.16402,35.173
9.15225,35.176
9.14057,35.160000000000004
9.12888,35.192
9.11717,35.125
9.1054,35.168
9.09364,35.152
9.08194,35.244
9.0703,35.184
9.05867,35.238
9.04702,35.269
9.03538,35.236000000000004
9.02377,35.24
9.01222,35.293
9.00071,35.31
8.98924,35.304
8.97778,35.309000000000005
8.96635,35.335
8.95498,35.356
8.94365,35.357
8.93238,35.370000000000005
8.92116,35.33
8.90998,35.426
8.89885,35.394
8.88776,35.432
8.87675,35.445
8.86579,35.469
8.8549,35.49
8.84405,35.503
8.83326,35.519
8.82254,35.556
8.81187,35.541
8.80127,35.526
8.79073,35.587
8.78026,35.563
8.76985,35.575
8.75949,35.64
8.7492,35.693000000000005
8.73897,35.711
8.7288,35.757
8.7187,35.759
8.70866,35.808
8.69868,35.866
8.68875,35.897
8.67888,35.919000000000004
8.66908,35.97
8.65933,36.021
8.64964,36.037
8.64001,36.071
8.63043,36.058
8.62091,36.094
8.61144,36.109
8.60202,36.225
8.59266,36.288
8.58335,36.309000000000005
8.57409,36.356
8.56488,36.369
8.55572,36.402
8.5466,36.435
8.53754,36.464999999999996
8.52852,36.507
8.51954,36.556
8.51062,36.586999999999996
8.50173,36.637
8.49289,36.684
8.48409,36.714
8.47533,36.760999999999996
8.46661,36.815
8.45794,36.858999999999995
8.4493,36.89
8.4407,36.925000000000004
8.43214,36.966
8.42362,37.066
8.41514,37.108999999999995
8.40669,37.147999999999996
8.39827,37.21
8.3899,37.221
8.38155,37.269000000000005
8.37324,37.303999999999995
8.36497,37.354
8.35673,37.423
8.34852,37.45
8.34033,37.491
8.33219,37.475
8.32407,37.503
8.31599,37.588
8.30793,37.633
8.29991,37.679
8.29191,37.689
8.28395,37.724999999999994
8.27601,37.735
8.2681,37.765
8.26021,37.765
8.25236,37.795
8.24454,37.813
8.23673,37.868
8.22896,37.9
8.22121,37.923
8.21349,37.955
8.2058,37.962
8.19813,37.995000000000005
8.19048,38.048
8.18287,38.092
8.17527,38.098
8.1677,38.152
8.16015,38.165
8.15264,38.227
8.14514,38.239000000000004
8.13766,38.287
8.13021,38.271
8.12278,38.36
8.11538,38.358
8.108,38.406
8.10064,38.437
8.0933,38.476
8.08599,38.542
8.0787,38.567
8.07143,38.616
8.06418,38.629000000000005
8.05696,38.637
8.04976,38.696999999999996
8.04258,38.71
8.03543,38.775999999999996
8.0283,38.738
8.02121,38.789
8.01415,38.719
8.00713,38.879999999999995
8.00016,38.731
7.99325,38.964999999999996
7.98639,38.768
7.97954,39.106
7.97267,38.78
7.96568,39.096
7.95856,38.829
7.95138,39.072
7.94427,39.039
7.93735,38.991
7.93059,39.135
7.9239,38.992
7.91717,39.182
7.91034,39.068000000000005
7.90345,39.181
7.89658,39.239000000000004
7.88981,39.217
7.88314,39.306000000000004
7.87652,39.269999999999996
7.86987,39.361000000000004
7.86318,39.324
7.85647,39.440999999999995
7.8498,39.455
7.84319,39.415
7.83663,39.552
7.83009,39.48
7.82354,39.592
7.81698,39.521
7.81043,39.565
7.80391,39.628
7.79743,39.592
7.79097,39.672000000000004
7.78454,39.654
7.7781,39.741
7.77167,39.707
7.76525,39.741
7.75886,39.806999999999995
7.75249,39.774
7.74615,39.888
7.73982,39.812999999999995
7.7335,39.915
7.72718,39.884
7.72089,39.961999999999996
7.71461,39.998
7.70836,39.994
7.70212,40.072
7.6959,40.07
7.68969,40.094
7.68349,40.115
7.67731,40.149
7.67115,40.205999999999996
7.665,40.221000000000004
7.65886,40.257
7.65275,40.288000000000004
7.64665,40.32
7.64056,40.339999999999996
7.63448,40.353
7.62842,40.392
7.62238,40.424
7.61635,40.47
7.61034,40.466
7.60434,40.511
7.59836,40.510000000000005
7.59239,40.56
7.58643,40.579
7.58049,40.604
7.57456,40.648
7.56865,40.699999999999996
7.56275,40.745
7.55686,40.741
7.55099,40.755
7.54514,40.771
7.53929,40.832
7.53347,40.867
7.52765,40.876000000000005
7.52185,40.907
7.51606,40.925
7.51029,40.959
7.50452,40.975
7.49878,41.032999999999994
7.49304,41.022
7.48732,41.06
7.48162,41.074
7.47592,41.129
7.47024,41.146
7.46457,41.156
7.45892,41.177
7.45328,41.177
7.44765,41.23
7.44204,41.309000000000005
7.43644,41.354
7.43084,41.367
7.42527,41.398
7.4197,41.422
7.41415,41.471000000000004
7.40861,41.524
7.40309,41.547
7.39757,41.583
7.39207,41.598
7.38659,41.628
7.38111,41.661
7.37565,41.698
7.37019,41.723
7.36476,41.765
7.35933,41.776
7.35391,41.809000000000005
7.34851,41.847
7.34312,41.878
7.33774,41.903
7.33237,41.949999999999996
7.32702,41.97
7.32168,42.0
7.31635,42.016
7.31103,42.024
7.30572,42.036
7.30042,42.065000000000005
7.29514,42.102000000000004
7.28987,42.116
7.28461,42.131
7.27936,42.143
7.27412,42.16
7.2689,42.195
7.26368,42.26
7.25848,42.283
7.25328,42.315999999999995
7.2481,42.370999999999995
7.24293,42.416
7.23777,42.412
7.23263,42.442
7.22749,42.459
7.22236,42.489
7.21725,42.514
7.21215,42.53
7.20706,42.575
7.20198,42.592
7.19691,42.64
7.19185,42.663000000000004
7.18681,42.684
7.18179,42.675999999999995
7.17678,42.738
7.17179,42.675000000000004
7.16684,42.803000000000004
7.16192,42.699
7.15705,42.876
7.15225,42.653
7.1475,42.925999999999995
7.14278,42.705
7.13799,42.998
7.13303,42.796
7.12783,43.031000000000006
7.12252,42.958
7.11732,43.024
7.11238,43.085
7.10766,42.994
7.10301,43.122
7.09824,43.055
7.09329,43.164
7.08825,43.181999999999995
7.08329,43.202
7.07849,43.185
7.07379,43.216
7.06909,43.208999999999996
7.06429,43.268
7.05942,43.264
7.05457,43.321
7.04979,43.329
7.04508,43.374
7.0404,43.362
7.03569,43.443
7.03093,43.408
7.02617,43.482
7.02144,43.49
7.01676,43.488
7.01211,43.557
7.00746,43.536
7.00278,43.634
6.99809,43.64
6.99343,43.68
6.98879,43.667
6.98417,43.766
6.97956,43.702000000000005
6.97495,43.84
6.97033,43.78
6.96572,43.848
6.96112,43.896
6.95654,43.876
6.95197,43.951
6.94741,43.923
6.94285,43.99
6.93829,43.989
6.93374,44.022
6.9292,44.061
6.92468,44.080999999999996
6.92016,44.092
6.91565,44.113
6.91114,44.156
6.90663,44.149
6.90214,44.166
6.89765,44.206
6.89317,44.235
6.88869,44.308
6.88423,44.302
6.87976,44.363
6.8753,44.357
6.87085,44.387
6.86641,44.43
6.86197,44.468999999999994
6.85753,44.541
6.8531,44.561
6.84868,44.6
6.84426,44.623000000000005
6.83985,44.667
6.83544,44.693
6.83104,44.726
6.82664,44.794
6.82224,44.809
6.81785,44.862
6.81346,44.884
6.80908,44.952
6.8047,44.961
6.80033,44.987
6.79596,45.023
6.79159,45.051
6.78723,45.109
6.78287,45.116
6.77851,45.17
6.77416,45.222
6.76981,45.294000000000004
6.76546,45.312000000000005
6.76112,45.335
6.75679,45.359
6.75245,45.414
6.74812,45.458999999999996
6.74379,45.467999999999996
6.73947,45.503
6.73515,45.555
6.73084,45.623000000000005
6.72653,45.676
6.72223,45.743
6.71793,45.785
6.71364,45.822
6.70935,45.879999999999995
6.70507,45.925
6.7008,46.004
6.69653,46.042
6.69227,46.092
6.68802,46.099000000000004
6.68378,46.117000000000004
6.67954,46.184
6.67532,46.224
6.6711,46.236
6.66689,46.315
6.6627,46.415
6.65851,46.434999999999995
6.65434,46.443
6.65017,46.515
6.64602,46.561
6.64188,46.567
6.63775,46.585
6.63364,46.623
6.62954,46.64
6.62545,46.664
6.62138,46.693
6.61731,46.705000000000005
6.61327,46.772999999999996
6.60923,46.833000000000006
6.60521,46.9
6.60121,46.943
6.59722,47.005
6.59324,47.004000000000005
6.58927,47.016999999999996
6.58532,47.038999999999994
6.58139,47.098
6.57747,47.121
6.57356,47.184
6.56966,47.221000000000004
6.56578,47.258
6.56191,47.309
6.55805,47.332
6.55421,47.338
6.55038,47.369
6.54657,47.378
6.54277,47.388999999999996
6.53897,47.412
6.5352,47.43
6.53143,47.463
6.52767,47.496
6.52393,47.534
6.5202,47.567
6.51648,47.591
6.51277,47.637
6.50908,47.636
6.50539,47.658
6.50171,47.683
6.49805,47.748000000000005
6.4944,47.745
6.49076,47.79
6.48713,47.771
6.48351,47.843999999999994
6.4799,47.785
6.4763,47.839999999999996
6.47272,47.826
6.46914,47.851
6.46559,47.843
6.46206,47.868
6.45855,47.9
6.45508,47.855
6.45166,47.853
6.4483,47.888999999999996
6.445,47.793
6.44177,47.862
6.43852,47.809000000000005
6.43517,47.913
6.43156,47.815000000000005
6.42771,48.047000000000004
6.42377,48.018
6.42002,48.055
6.41657,48.087
6.41336,47.94
6.41017,48.102000000000004
6.40681,47.979
6.40325,48.167
6.39961,48.1
6.39608,48.118
6.39274,48.229
6.38949,48.067
6.38623,48.228
6.38285,48.156
6.37938,48.29
6.37594,48.278
6.37259,48.205999999999996
6.36932,48.308
6.36607,48.217999999999996
6.36277,48.370000000000005
6.35942,48.353
6.35607,48.414
6.35275,48.392
6.34949,48.406
6.34626,48.404
6.34301,48.442
6.33974,48.449
6.33646,48.468
6.33319,48.527
6.32996,48.495
6.32675,48.541000000000004
6.32354,48.528
6.32033,48.557
6.31711,48.563
6.3139,48.594
6.3107,48.635
6.30752,48.632
6.30435,48.629
6.30119,48.665000000000006
6.29802,48.671
6.29485,48.679
6.2917,48.695
6.28855,48.725
6.28542,48.738
6.28229,48.781
6.27917,48.78
6.27605,48.766999999999996
6.27294,48.766999999999996
6.26983,48.771
6.26673,48.801
6.26365,48.829
6.26056,48.852000000000004
6.25749,48.886
6.25442,48.892
6.25135,48.898
6.24829,48.91
6.24524,48.924
6.24219,48.903999999999996
6.23916,48.943999999999996
6.23612,48.933
6.2331,48.959
6.23008,49.02
6.22706,49.021
6.22405,49.049
6.22105,49.05
6.21806,49.053999999999995
6.21507,49.037
6.21208,49.067
6.2091,49.071999999999996
6.20613,49.058
6.20317,49.058
6.20021,49.08
6.19725,49.113
6.19431,49.13
6.19136,49.136
6.18843,49.134
6.1855,49.166
6.18257,49.143
6.17966,49.152
6.17674,49.169000000000004
6.17384,49.169000000000004
6.17093,49.175000000000004
6.16804,49.151
6.16515,49.181000000000004
6.16227,49.17
6.15939,49.189
6.15652,49.163000000000004
6.15365,49.199
6.15079,49.204
6.14793,49.214
6.14508,49.228
6.14223,49.216
6.13939,49.246
6.13656,49.268
6.13373,49.303000000000004
6.13091,49.315
6.12809,49.321
6.12528,49.327
6.12247,49.333
6.11967,49.358999999999995
6.11687,49.368
6.11408,49.428
6.11129,49.423
6.10851,49.43
6.10574,49.418
6.10297,49.414
6.1002,49.416
6.09744,49.436
6.09469,49.434
6.09194,49.451
6.0892,49.464999999999996
6.08645,49.473
6.08372,49.495
6.08099,49.489
6.07827,49.5
6.07555,49.508
6.07283,49.509
6.07012,49.497
6.06742,49.485
6.06472,49.477
6.06203,49.506
6.05934,49.513
6.05666,49.517
6.05398,49.535000000000004
6.0513,49.562
6.04863,49.596000000000004
6.04597,49.629
6.04331,49.637
6.04065,49.64
6.038,49.658
6.03535,49.692
6.03271,49.712
6.03008,49.734
6.02745,49.762
6.02482,49.775999999999996
6.0222,49.787
6.01958,49.803
6.01697,49.823
6.01436,49.833
6.01176,49.842
6.00916,49.854
6.00656,49.882
6.00397,49.889
6.00139,49.916
5.99881,49.938
5.99623,49.955
5.99366,49.979
5.9911,49.997
5.98853,50.031000000000006
5.98597,50.066
5.98342,50.092999999999996
5.98087,50.114999999999995
5.97833,50.127
5.97579,50.127
5.97325,50.137
5.97072,50.161
5.96819,50.172000000000004
5.96567,50.202000000000005
5.96315,50.232
5.96064,50.23800000000001
5.95813,50.251000000000005
5.95562,50.285999999999994
5.95312,50.303
5.95063,50.305
5.94813,50.327
5.94564,50.334
5.94316,50.366
5.94068,50.395999999999994
5.93821,50.407000000000004
5.93573,50.410999999999994
5.93327,50.425
5.9308,50.44499999999999
5.92835,50.480000000000004
5.92589,50.507000000000005
5.92344,50.529
5.921,50.54
5.91855,50.547
5.91611,50.578
5.91368,50.602999999999994
5.91125,50.634
5.90882,50.641000000000005
5.9064,50.666999999999994
5.90398,50.693999999999996
5.90157,50.717999999999996
5.89916,50.73
5.89675,50.729
5.89435,50.763000000000005
5.89195,50.8
5.88956,50.854
5.88717,50.829
5.88479,50.909000000000006
5.88242,50.833
5.88006,51.002
5.87771,50.927
5.87539,51.042
5.87311,50.93
5.87088,51.11
5.86875,50.999
5.86674,51.111
5.86488,50.992000000000004
5.86306,51.212999999999994
5.86112,51.041000000000004
5.85865,51.212
5.85562,51.068999999999996
5.85234,51.164
5.84948,51.275000000000006
5.84731,51.17699999999999
5.84552,51.359
5.84354,51.182
5.84103,51.373000000000005
5.83822,51.300999999999995
5.83559,51.364
5.8334,51.471000000000004
5.83141,51.296
5.82924,51.49
5.82677,51.38399999999999
5.82421,51.44
5.82184,51.578
5.81971,51.452
5.81758,51.589
5.81529,51.519000000000005
5.81287,51.502
5.81049,51.544999999999995
5.80827,51.596
5.80611,51.729
5.80389,51.647
5.80158,51.61900000000001
5.79925,51.636
5.79699,51.666999999999994
5.7948,51.763999999999996
5.79261,51.705999999999996
5.79036,51.783
5.78808,51.695
5.78583,51.737
5.78362,51.871
5.78144,51.74100000000001
5.77923,51.879
5.77699,51.768
5.77476,51.794
5.77255,51.919000000000004
5.77037,51.870000000000005
5.76818,51.958000000000006
5.76598,51.894
5.76378,51.929
5.76158,51.979
5.7594,51.955
5.75723,52.053000000000004
5.75505,52.001
5.75287,52.047
5.75069,52.047
5.74852,52.048
5.74636,52.124
5.74421,52.093
5.74205,52.159
5.73989,52.152
5.73773,52.178999999999995
5.73558,52.209
5.73344,52.223
5.7313,52.22
5.72916,52.305
5.72702,52.282
5.72489,52.303999999999995
5.72276,52.357
5.72064,52.35999999999999
5.71851,52.39
5.71639,52.392
5.71427,52.408
5.71216,52.42
5.71005,52.495000000000005
5.70794,52.513
5.70584,52.54299999999999
5.70374,52.566
5.70164,52.581
5.69954,52.608
5.69745,52.64
5.69536,52.666000000000004
5.69327,52.691
5.69119,52.705
5.68911,52.74100000000001
5.68703,52.794
5.68496,52.830999999999996
5.68288,52.87
5.68082,52.871
5.67875,52.917
5.67669,52.939
5.67463,52.944
5.67257,52.961999999999996
5.67052,52.99
5.66847,52.986
5.66642,53.002
5.66437,53.002
5.66233,53.022000000000006
5.66029,53.028
5.65826,53.044000000000004
5.65622,53.062
5.65419,53.086
5.65216,53.105999999999995
5.65014,53.115
5.64812,53.124
5.6461,53.166000000000004
5.64408,53.198
5.64207,53.249
5.64006,53.247
5.63805,53.284
5.63605,53.313
5.63404,53.369
5.63204,53.391999999999996
5.63005,53.38699999999999
5.62805,53.425
5.62606,53.43599999999999
5.62407,53.46300000000001
5.62209,53.469
5.6201,53.492
5.61812,53.505
5.61615,53.510000000000005
5.61417,53.52
5.6122,53.542
5.61023,53.56999999999999
5.60826,53.583000000000006
5.6063,53.612
5.60434,53.642999999999994
5.60238,53.66
5.60042,53.696999999999996
5.59847,53.717000000000006
5.59652,53.736
5.59457,53.766999999999996
5.59263,53.76800000000001
5.59068,53.788000000000004
5.58874,53.846000000000004
5.5868,53.849000000000004
5.58487,53.87499999999999
5.58294,53.881
5.58101,53.89000000000001
5.57908,53.900999999999996
5.57716,53.905
5.57523,53.903
5.57331,53.932
5.5714,53.955
5.56948,53.974999999999994
5.56757,53.995000000000005
5.56566,53.994
5.56376,54.003
5.56185,54.067
5.55995,54.086
5.55805,54.122
5.55615,54.14099999999999
5.55426,54.16
5.55237,54.181000000000004
5.55048,54.201
5.54859,54.21
5.54671,54.221
5.54482,54.233
5.54294,54.266000000000005
5.54107,54.272
5.53919,54.313
5.53732,54.315000000000005
5.53545,54.336
5.53358,54.376000000000005
5.53172,54.403
5.52986,54.446000000000005
5.528,54.457
5.52614,54.462999999999994
5.52429,54.494
5.52243,54.527
5.52058,54.539
5.51873,54.564
5.51689,54.58
5.51504,54.611
5.5132,54.623
5.51136,54.639
5.50953,54.663
5.5077,54.69500000000001
5.50586,54.728
5.50403,54.738
5.50221,54.772
5.50038,54.796
5.49856,54.821
5.49674,54.84
5.49492,54.851000000000006
5.49311,54.852999999999994
5.49129,54.887
5.48948,54.87800000000001
5.48767,54.887
5.48587,54.910000000000004
5.48406,54.928999999999995
5.48226,54.959
5.48046,54.984
5.47867,55.015
5.47687,55.027
5.47508,55.041
5.47329,55.064
5.4715,55.103
5.46971,55.131
5.46793,55.139
5.46615,55.181999999999995
5.46437,55.236
5.46259,55.251
5.46081,55.275
5.45904,55.315999999999995
5.45727,55.31399999999999
5.4555,55.33
5.45373,55.349000000000004
5.45197,55.346
5.45021,55.364999999999995
5.44845,55.396
5.44669,55.411
5.44493,55.43599999999999
5.44318,55.464
5.44143,55.501999999999995
5.43968,55.516
5.43793,55.528
5.43619,55.542
5.43444,55.569
5.4327,55.584999999999994
5.43096,55.605000000000004
5.42923,55.635999999999996
5.42749,55.649
5.42576,55.664
5.42403,55.687
5.4223,55.688
5.42057,55.721
5.41885,55.759
5.41713,55.785
5.41541,55.812
5.41369,55.855
5.41197,55.873
5.41026,55.883
5.40855,55.87800000000001
5.40684,55.889
5.40513,55.903000000000006
5.40342,55.934
5.40172,55.92
5.40002,55.92700000000001
5.39832,55.918
5.39662,55.985
5.39492,55.985
5.39323,56.059000000000005
5.39154,56.006
5.38985,56.119
5.38816,56.074999999999996
5.38648,56.14
5.3848,56.111999999999995
5.38312,56.214
5.38144,56.114
5.37978,56.237
5.37812,56.144000000000005
5.37647,56.172
5.37484,56.17100000000001
5.37324,56.178
5.37169,56.245
5.37019,56.199
5.36877,56.342999999999996
5.36745,56.096999999999994
5.3662,56.318
5.36495,56.02
5.36348,56.38999999999999
5.36165,56.202
5.35939,56.505
5.357,56.37799999999999
5.35487,56.396
5.35322,56.495
5.35192,56.379000000000005
5.35063,56.58800000000001
5.34907,56.442
5.34718,56.53
5.34518,56.562999999999995
5.34334,56.613
5.34178,56.589999999999996
5.34036,56.545
5.33886,56.650999999999996
5.33717,56.599
5.33536,56.620000000000005
5.33359,56.644000000000005
5.33196,56.733
5.33045,56.789
5.32892,56.724
5.3273,56.794
5.32559,56.82000000000001
5.32389,56.804
5.32226,56.88999999999999
5.3207,56.882999999999996
5.31915,56.931
5.31755,56.962
5.31591,56.915000000000006
5.31426,56.943
5.31264,56.998000000000005
5.31106,56.991
5.30949,57.01500000000001
5.30791,56.997
5.3063,57.077999999999996
5.30468,57.084
5.30308,57.072
5.3015,57.14900000000001
5.29993,57.084999999999994
5.29835,57.177
5.29677,57.13399999999999
5.29517,57.232000000000006
5.29358,57.223
5.292,57.237
5.29044,57.321999999999996
5.28887,57.279
5.2873,57.357
5.28573,57.330999999999996
5.28415,57.403000000000006
5.28258,57.414
5.28102,57.398
5.27946,57.467999999999996
5.2779,57.452000000000005
5.27634,57.511
5.27478,57.52
5.27322,57.54899999999999
5.27166,57.589999999999996
5.27011,57.589
5.26856,57.665
5.26701,57.664
5.26546,57.706999999999994
5.26391,57.720000000000006
5.26236,57.743
5.26082,57.760999999999996
5.25928,57.781000000000006
5.25774,57.804
5.2562,57.843999999999994
5.25466,57.843999999999994
5.25313,57.901
5.25159,57.891000000000005
5.25006,57.92
5.24853,57.95400000000001
5.247,57.969
5.24547,58.006
5.24395,58.007
5.24242,58.035000000000004
5.2409,58.047000000000004
5.23938,58.074999999999996
5.23786,58.07600000000001
5.23634,58.074000000000005
5.23482,58.105
5.23331,58.13
5.2318,58.160999999999994
5.23028,58.177
5.22877,58.19
5.22726,58.209
5.22576,58.236
5.22425,58.245000000000005
5.22275,58.270999999999994
5.22125,58.32000000000001
5.21974,58.326
5.21824,58.342000000000006
5.21675,58.343999999999994
5.21525,58.348
5.21376,58.370999999999995
5.21226,58.391999999999996
5.21077,58.399
5.20928,58.440000000000005
5.20779,58.467
5.2063,58.507
5.20482,58.523
5.20333,58.542
5.20185,58.567
5.20037,58.589
5.19889,58.605
5.19741,58.63
5.19593,58.626999999999995
5.19446,58.682
5.19299,58.687999999999995
5.19151,58.691
5.19004,58.703
5.18857,58.727
5.1871,58.726
5.18564,58.756
5.18417,58.786
5.18271,58.791000000000004
5.18125,58.806999999999995
5.17979,58.841
5.17833,58.861
5.17687,58.863
5.17541,58.867999999999995
5.17396,58.888
5.1725,58.888
5.17105,58.909
5.1696,58.934
5.16815,58.977999999999994
5.1667,58.999
5.16526,59.026
5.16381,59.023
5.16237,59.045
5.16093,59.068
5.15949,59.063
5.15805,59.104
5.15661,59.11300000000001
5.15517,59.13699999999999
5.15374,59.143
5.1523,59.18
5.15087,59.18600000000001
5.14944,59.209
5.14801,59.24700000000001
5.14658,59.243
5.14516,59.251
5.14373,59.266
5.14231,59.31999999999999
5.14088,59.323
5.13946,59.353
5.13804,59.364
5.13663,59.394999999999996
5.13521,59.411
5.13379,59.419
5.13238,59.455000000000005
5.13096,59.477000000000004
5.12955,59.502
5.12814,59.516000000000005
5.12673,59.526999999999994
5.12533,59.57
5.12392,59.608000000000004
5.12252,59.636
5.12111,59.658
5.11971,59.684000000000005
5.11831,59.699999999999996
5.11691,59.70100000000001
5.11551,59.733000000000004
5.11411,59.74
5.11272,59.760000000000005
5.11132,59.775
5.10993,59.785999999999994
5.10854,59.79
5.10715,59.830000000000005
5.10576,59.854
5.10437,59.882000000000005
5.10299,59.882999999999996
5.1016,59.916000000000004
5.10022,59.916000000000004
5.09883,59.931
5.09745,59.946
5.09607,59.943999999999996
5.0947,59.963
5.09332,59.992999999999995
5.09194,59.999
5.09057,60.021
5.08919,60.026
5.08782,60.043
5.08645,60.092
5.08508,60.107
5.08371,60.124
5.08235,60.141
5.08098,60.158
5.07962,60.187999999999995
5.07825,60.183
5.07689,60.227
5.07553,60.226
5.07417,60.265
5.07282,60.228
5.07146,60.301
5.0701,60.306000000000004
5.06875,60.324999999999996
5.0674,60.328
5.06605,60.336999999999996
5.0647,60.336999999999996
5.06335,60.38
5.062,60.324999999999996
5.06066,60.416000000000004
5.05932,60.333999999999996
5.05798,60.492999999999995
5.05665,60.358999999999995
5.05534,60.498
5.05403,60.39
5.05275,60.577999999999996
5.0515,60.419999999999995
5.05031,60.584
5.0492,60.488
5.04819,60.538000000000004
5.04731,60.467999999999996
5.04649,60.599000000000004
5.04564,60.529999999999994
5.04444,60.601000000000006
5.04276,60.559
5.04057,60.699000000000005
5.03837,60.695
5.03664,60.56
5.03551,60.746
5.03469,60.714999999999996
5.0337,60.81999999999999
5.03229,60.693
5.03053,60.839
5.02882,60.92100000000001
5.02743,60.75899999999999
5.02635,60.877
5.02528,60.781
5.02399,60.997
5.02248,60.901
5.02094,60.931000000000004
5.01957,60.982
5.01838,60.851
5.01721,61.071
5.01593,60.903
5.01452,61.046
5.01309,61.062000000000005
5.01176,61.038000000000004
5.01052,61.112
5.0093,60.971
5.00801,61.11299999999999
5.00666,61.056
5.0053,61.173
5.00399,61.19799999999999
5.00273,61.101000000000006
5.00148,61.192
5.0002,61.182
4.99889,61.248999999999995
4.99757,61.253
4.99627,61.217
4.995,61.29
4.99374,61.22
4.99247,61.324
4.99117,61.294000000000004
4.98987,61.342
4.98859,61.326
4.98732,61.309000000000005
4.98605,61.388
4.98478,61.336999999999996
4.98351,61.4
4.98222,61.363
4.98095,61.375
4.97968,61.438
4.97841,61.458999999999996
4.97715,61.478
4.97589,61.458999999999996
4.97462,61.504000000000005
4.97335,61.504000000000005
4.97208,61.49400000000001
4.97082,61.558
4.96956,61.56700000000001
4.96831,61.59
4.96705,61.6
4.96579,61.631
4.96453,61.638000000000005
4.96327,61.672000000000004
4.96202,61.68599999999999
4.96077,61.697
4.95952,61.7
4.95827,61.712999999999994
4.95702,61.745000000000005
4.95577,61.746
4.95452,61.758
4.95327,61.785999999999994
4.95203,61.785000000000004
4.95078,61.802
4.94954,61.815
4.9483,61.836
4.94706,61.855000000000004
4.94582,61.902
4.94458,61.870999999999995
4.94334,61.917
4.9421,61.909000000000006
4.94087,61.941
4.93964,61.944
4.9384,61.961
4.93717,61.967000000000006
4.93594,61.983999999999995
4.93471,62.004000000000005
4.93348,62.014
4.93225,62.027
4.93102,62.033
4.9298,62.049
4.92857,62.058
4.92735,62.087
4.92613,62.07899999999999
4.9249,62.087
4.92368,62.1
4.92246,62.123
4.92125,62.125
4.92003,62.16199999999999
4.91881,62.169
4.9176,62.190999999999995
4.91638,62.231
4.91517,62.217
4.91396,62.246
4.91274,62.231
4.91153,62.25000000000001
4.91033,62.255
4.90912,62.31100000000001
4.90791,62.336000000000006
4.9067,62.334
4.9055,62.35000000000001
4.90429,62.36000000000001
4.90309,62.381
4.90189,62.41799999999999
4.90069,62.413
4.89949,62.422999999999995
4.89829,62.436
4.89709,62.477000000000004
4.89589,62.480999999999995
4.8947,62.501
4.8935,62.501
4.89231,62.53300000000001
4.89112,62.543000000000006
4.88992,62.558
4.88873,62.572
4.88754,62.583
4.88635,62.588
4.88517,62.598
4.88398,62.621
4.88279,62.619
4.88161,62.641999999999996
4.88042,62.635
4.87924,62.661
4.87806,62.681
4.87688,62.729
4.8757,62.719
4.87452,62.743
4.87334,62.773
4.87216,62.765
4.87099,62.769
4.86981,62.74999999999999
4.86864,62.757
4.86747,62.778999999999996
4.86629,62.809000000000005
4.86512,62.807
4.86395,62.827
4.86278,62.833000000000006
4.86161,62.845
4.86045,62.867
4.85928,62.88399999999999
4.85811,62.905
4.85695,62.909000000000006
4.85579,62.925
4.85462,62.949999999999996
4.85346,62.953
4.8523,62.958999999999996
4.85114,62.988
4.84998,63.013
4.84882,63.029
4.84767,63.044999999999995
4.84651,63.05500000000001
4.84536,63.064
4.8442,63.068000000000005
4.84305,63.092000000000006
4.8419,63.098
4.84074,63.126000000000005
4.83959,63.139
4.83845,63.162
4.8373,63.198
4.83615,63.199000000000005
4.835,63.202000000000005
4.83386,63.237
4.83271,63.251000000000005
4.83157,63.261
4.83043,63.288
4.82928,63.292
4.82814,63.309000000000005
4.827,63.318
4.82586,63.342
4.82472,63.357
4.82359,63.352
4.82245,63.361000000000004
4.82131,63.36000000000001
4.82018,63.365
4.81905,63.379
4.81791,63.375
4.81678,63.38399999999999
4.81565,63.400999999999996
4.81452,63.418
4.81339,63.458000000000006
4.81226,63.480000000000004
4.81114,63.486
4.81001,63.495999999999995
4.80888,63.507999999999996
4.80776,63.491
4.80663,63.544999999999995
4.80551,63.532999999999994
4.80439,63.537
4.80327,63.56699999999999
4.80215,63.55800000000001
4.80103,63.57000000000001
4.79991,63.580000000000005
4.79879,63.615
4.79768,63.596
4.79656,63.624
4.79545,63.651
4.79433,63.644
4.79322,63.68000000000001
4.79211,63.676
4.791,63.699
4.78989,63.699
4.78878,63.693999999999996
4.78768,63.734
4.78658,63.744
4.78548,63.763000000000005
4.78439,63.744
4.78331,63.833
4.78224,63.734
4.78121,63.79899999999999
4.78021,63.681
4.77927,63.847
4.77843,63.623
4.7777,63.849000000000004
4.77711,63.662
4.77659,63.941
4.77603,63.651
4.77506,63.918
4.77353,63.709
4.77145,63.871
4.76938,63.922999999999995
4.76787,63.82299999999999
4.76704,64.011
4.76651,63.70099999999999
4.76577,64.02
4.76454,63.788999999999994
4.76294,64.021
4.76142,63.983000000000004
4.76029,63.873999999999995
4.75948,63.975
4.75866,63.803
4.75757,64.062
4.75624,64.018
4.75491,64.034
4.75378,64.079
4.75284,63.964
4.75191,64.142
4.75084,64.01
4.74963,64.107
4.74842,64.093
4.74732,64.078
4.74632,64.176
4.74533,64.05
4.74426,64.169
4.74311,64.13600000000001
4.74197,64.17
4.74089,64.152
4.73986,64.173
4.73884,64.208
4.73777,64.218
4.73667,64.157
4.73556,64.185
4.73449,64.271
4.73345,64.235
4.73241,64.259
4.73135,64.254
4.73027,64.278
4.72919,64.286
4.72812,64.287
4.72707,64.301
4.72603,64.33
4.72498,64.325
4.72391,64.339
4.72284,64.31400000000001
4.72178,64.345
4.72073,64.354
4.71969,64.36800000000001
4.71864,64.395
4.71758,64.388
4.71653,64.385
4.71547,64.387
4.71442,64.39399999999999
4.71338,64.452
4.71233,64.402
4.71129,64.46
4.71024,64.452
4.70919,64.43900000000001
4.70814,64.47
4.7071,64.486
4.70606,64.529
4.70502,64.505
4.70398,64.538
4.70293,64.52799999999999
4.70189,64.535
4.70085,64.55499999999999
4.69981,64.544
4.69878,64.564
4.69774,64.574
4.6967,64.593
4.69567,64.608
4.69463,64.596
4.6936,64.62299999999999
4.69257,64.634
4.69153,64.661
4.6905,64.669
4.68947,64.694
4.68844,64.689
4.68741,64.70700000000001
4.68638,64.711
4.68536,64.729
4.68433,64.736
4.6833,64.741
4.68228,64.747
4.68125,64.78
4.68023,64.78
4.6792,64.805
4.67818,64.821
4.67716,64.834
4.67614,64.85600000000001
4.67512,64.861
4.6741,64.857
4.67308,64.898
4.67206,64.89200000000001
4.67104,64.929
4.67002,64.958
4.66901,64.969
4.66799,64.973
4.66698,64.982
4.66596,65.005
4.66495,65.00200000000001
4.66394,65.04299999999999
4.66293,65.051
4.66191,65.084
4.6609,65.081
4.65989,65.093
4.65889,65.113
4.65788,65.11099999999999
4.65687,65.12400000000001
4.65586,65.137
4.65486,65.153
4.65385,65.164
4.65285,65.159
4.65184,65.16999999999999
4.65084,65.181
4.64984,65.205
4.64883,65.211
4.64783,65.22200000000001
4.64683,65.225
4.64583,65.263
4.64483,65.295
4.64383,65.29599999999999
4.64284,65.307
4.64184,65.31700000000001
4.64084,65.337
4.63985,65.347
4.63885,65.359
4.63786,65.375
4.63686,65.385
4.63587,65.397
4.63488,65.401
4.63389,65.413
4.6329,65.425
4.63191,65.41900000000001
4.63092,65.431
4.62993,65.44200000000001
4.62894,65.46
4.62795,65.467
4.62696,65.484
4.62598,65.498
4.62499,65.51599999999999
4.62401,65.515
4.62302,65.534
4.62204,65.556
4.62106,65.55499999999999
4.62008,65.59700000000001
4.61909,65.602
4.61811,65.606
4.61713,65.609
4.61615,65.621
4.61517,65.627
4.6142,65.64
4.61322,65.66300000000001
4.61224,65.66300000000001
4.61127,65.668
4.61029,65.683
4.60931,65.686
4.60834,65.705
4.60737,65.72200000000001
4.60639,65.733
4.60542,65.75999999999999
4.60445,65.781
4.60348,65.781
4.60251,65.789
4.60154,65.791
4.60057,65.793
4.5996,65.798
4.59863,65.798
4.59767,65.835
4.5967,65.852
4.59574,65.862
4.59477,65.891
4.5938,65.915
4.59284,65.929
4.59188,65.94200000000001
4.59092,65.945
4.58995,65.96300000000001
4.58899,65.967
4.58803,65.969
4.58707,66.001
4.58611,66.049
4.58515,66.05
4.58419,66.053
4.58324,66.069
4.58228,66.08699999999999
4.58132,66.096
4.58037,66.14
4.57941,66.146
4.57846,66.169
4.5775,66.168
4.57655,66.175
4.5756,66.185
4.57465,66.18
4.5737,66.187
4.57275,66.193
4.57179,66.192
4.57085,66.2
4.5699,66.20899999999999
4.56895,66.202
4.568,66.227
4.56705,66.235
4.56611,66.25
4.56516,66.224
4.56422,66.238
4.56327,66.24
4.56233,66.27199999999999
4.56139,66.25999999999999
4.56045,66.211
4.55951,66.274
4.55858,66.19800000000001
4.55766,66.224
4.55674,66.14999999999999
4.55584,66.23400000000001
4.55497,66.239
4.55414,66.23599999999999
4.55338,66.229
4.55273,66.223
4.55223,66.173
4.55191,66.17
4.55176,65.952
4.55155,66.15100000000001
4.55095,66.034
4.54948,66.32000000000001
4.54728,66.334
4.54504,66.408
4.54359,66.314
4.54308,66.316
4.54293,66.318
4.54237,66.34400000000001
4.54105,66.379
4.53939,66.457
4.53804,66.44099999999999
4.53729,66.366
4.53681,66.334
4.53607,66.41
4.5349,66.479
4.53357,66.549
4.53249,66.471
4.53174,66.472
4.53105,66.464
4.53016,66.526
4.52904,66.53099999999999
4.52793,66.523
4.52699,66.631
4.52621,66.486
4.52539,66.57600000000001
4.52443,66.542
4.52339,66.66
4.5224,66.652
4.52151,66.592
4.52068,66.676
4.51979,66.619
4.51883,66.706
4.51785,66.711
4.51692,66.629
4.51604,66.767
4.51517,66.681
4.51426,66.767
4.51331,66.724
4.51237,66.753
4.51146,66.80199999999999
4.51058,66.71000000000001
4.50969,66.842
4.50877,66.76100000000001
4.50785,66.855
4.50693,66.851
4.50603,66.80199999999999
4.50513,66.902
4.50424,66.814
4.50333,66.906
4.50242,66.908
4.50151,66.903
4.50061,66.962
4.49971,66.914
4.49882,66.983
4.49791,66.949
4.49701,66.955
4.49611,66.994
4.49521,66.979
4.49431,67.03
4.49342,66.99000000000001
4.49252,67.034
4.49162,67.01
4.49072,66.997
4.48983,67.054
4.48893,67.002
4.48804,67.061
4.48715,67.02
4.48625,67.069
4.48536,67.06299999999999
4.48447,67.061
4.48358,67.124
4.48269,67.08
4.4818,67.122
4.48091,67.108
4.48001,67.117
4.47913,67.123
4.47824,67.11200000000001
4.47735,67.13900000000001
4.47646,67.125
4.47558,67.15100000000001
4.47469,67.13799999999999
4.4738,67.149
4.47292,67.161
4.47203,67.168
4.47115,67.183
4.47026,67.182
4.46938,67.182
4.4685,67.188
4.46762,67.212
4.46673,67.246
4.46585,67.25999999999999
4.46497,67.27199999999999
4.46409,67.27
4.46321,67.292
4.46233,67.286
4.46145,67.31
4.46058,67.314
4.4597,67.29
4.45882,67.328
4.45794,67.318
4.45707,67.34400000000001
4.45619,67.354
4.45532,67.374
4.45444,67.376
4.45357,67.38499999999999
4.45269,67.403
4.45182,67.402
4.45095,67.41
4.45008,67.42899999999999
4.4492,67.458
4.44833,67.463
4.44746,67.463
4.44659,67.473
4.44572,67.539
4.44485,67.54599999999999
4.44398,67.526
4.44311,67.55
4.44225,67.532
4.44138,67.542
4.44051,67.554
4.43964,67.572
4.43878,67.581
4.43791,67.592
4.43705,67.59100000000001
4.43618,67.597
4.43532,67.623
4.43446,67.605
4.43359,67.624
4.43273,67.63
4.43187,67.62899999999999
4.43101,67.628
4.43014,67.63
4.42928,67.628
4.42842,67.662
4.42756,67.662
4.4267,67.66499999999999
4.42585,67.671
4.42499,67.67699999999999
4.42413,67.686
4.42327,67.686
4.42241,67.69800000000001
4.42156,67.705
4.4207,67.705
4.41984,67.715
4.41899,67.713
4.41813,67.705
4.41728,67.709
4.41643,67.717
4.41557,67.73
4.41472,67.75099999999999
4.41387,67.764
4.41302,67.77300000000001
4.41216,67.779
4.41131,67.774
4.41046,67.774
4.40961,67.785
4.40876,67.783
4.40791,67.78800000000001
4.40706,67.796
4.40622,67.804
4.40537,67.826
4.40452,67.84
4.40367,67.84400000000001
4.40283,67.848
4.40198,67.869
4.40113,67.876
4.40029,67.882
4.39944,67.882
4.3986,67.887
4.39776,67.896
4.39691,67.911
4.39607,67.923
4.39523,67.926
4.39438,67.94
4.39354,67.949
4.3927,67.949
4.39186,67.951
4.39102,67.958
4.39018,67.953
4.38934,67.96600000000001
4.3885,67.97999999999999
4.38766,67.995
4.38682,68.00500000000001
4.38598,68.00500000000001
4.38515,68.006
4.38431,68.006
4.38347,68.01
4.38264,68.027
4.3818,68.039
4.38097,68.065
4.38013,68.081
4.3793,68.092
4.37846,68.106
4.37763,68.134
4.3768,68.146
4.37596,68.151
4.37513,68.151
4.3743,68.156
4.37347,68.159
4.37264,68.17800000000001
4.37181,68.185
4.37098,68.186
4.37015,68.209
4.36932,68.221
4.36849,68.252
4.36766,68.23599999999999
4.36683,68.27499999999999
4.366,68.264
4.36517,68.28699999999999
4.36435,68.271
4.36352,68.329
4.3627,68.291
4.36187,68.348
4.36104,68.291
4.36022,68.35
4.3594,68.322
4.35857,68.379
4.35775,68.37100000000001
4.35693,68.394
4.35611,68.374
4.3553,68.374
4.35449,68.42
4.35369,68.268
4.35289,68.483
4.35212,68.193
4.35138,68.49
4.35068,68.22399999999999
4.35006,68.407
4.34953,68.252
4.34915,68.342
4.34892,68.243
4.34883,68.26100000000001
4.34863,68.233
4.34807,68.296
4.34674,68.28699999999999
4.34479,68.489
4.34276,68.46900000000001
4.34138,68.326
4.34083,68.491
4.34069,68.381
4.34034,68.45400000000001
4.33938,68.322
4.33796,68.626
4.33661,68.589
4.33572,68.364
4.33524,68.54
4.33475,68.389
4.33395,68.673
4.33284,68.48100000000001
4.33172,68.557
4.33085,68.73899999999999
4.33021,68.43
4.32959,68.716
4.32878,68.45700000000001
4.32782,68.67
4.32685,68.663
4.32601,68.533
4.3253,68.772
4.32459,68.472
4.32379,68.779
4.3229,68.614
4.32201,68.686
4.32119,68.76
4.32044,68.608
4.31969,68.816
4.31888,68.633
4.31804,68.746
4.31719,68.75
4.31638,68.686
4.31561,68.805
4.31483,68.663
4.31404,68.84599999999999
4.31321,68.744
4.31239,68.76299999999999
4.31158,68.827
4.3108,68.755
4.31002,68.85
4.30922,68.74900000000001
4.30842,68.82000000000001
4.30761,68.813
4.3068,68.82000000000001
4.30601,68.863
4.30522,68.829
4.30443,68.89999999999999
4.30364,68.855
4.30283,68.872
4.30204,68.892
4.30124,68.877
4.30045,68.906
4.29966,68.89800000000001
4.29887,68.91199999999999
4.29808,68.908
4.29728,68.89699999999999
4.29649,68.915
4.2957,68.917
4.29491,68.955
4.29412,68.94
4.29333,68.95400000000001
4.29254,68.983
4.29175,68.96900000000001
4.29096,68.98100000000001
4.29017,68.982
4.28938,69.016
4.2886,68.988
4.28781,69.029
4.28702,69.015
4.28623,69.014
4.28545,69.02000000000001
4.28466,69.018
4.28388,69.049
4.28309,69.04
4.28231,69.074
4.28152,69.068
4.28074,69.107
4.27995,69.107
4.27917,69.081
4.27839,69.11500000000001
4.2776,69.089
4.27682,69.128
4.27604,69.126
4.27526,69.148
4.27447,69.135
4.27369,69.128
4.27291,69.157
4.27213,69.132
4.27135,69.16600000000001
4.27057,69.14099999999999
4.26979,69.181
4.26901,69.149
4.26823,69.163
4.26746,69.163
4.26668,69.159
4.2659,69.178
4.26512,69.145
4.26434,69.16600000000001
4.26357,69.155
4.26279,69.163
4.26201,69.157
4.26124,69.171
4.26046,69.181
4.25969,69.19800000000001
4.25891,69.197
4.25814,69.19999999999999
4.25736,69.217
4.25659,69.21199999999999
4.25582,69.231
4.25504,69.233
4.25427,69.242
4.2535,69.246
4.25273,69.25099999999999
4.25195,69.259
4.25118,69.269
4.25041,69.269
4.24964,69.274
4.24887,69.28
4.2481,69.284
4.24733,69.284
4.24656,69.307
4.24579,69.309
4.24502,69.312
4.24425,69.316
4.24348,69.32199999999999
4.24271,69.316
4.24195,69.33500000000001
4.24118,69.338
4.24041,69.342
4.23964,69.35900000000001
4.23888,69.368
4.23811,69.374
4.23734,69.377
4.23658,69.38
4.23581,69.38
4.23505,69.39
4.23428,69.392
4.23352,69.393
4.23276,69.42399999999999
4.23199,69.44399999999999
4.23123,69.448
4.23046,69.45
4.2297,69.45
4.22894,69.45
4.22818,69.452
4.22741,69.45700000000001
4.22665,69.45700000000001
4.22589,69.46
4.22513,69.46600000000001
4.22437,69.46799999999999
4.22361,69.487
4.22285,69.487
4.22209,69.49
4.22133,69.49
4.22057,69.501
4.21981,69.505
4.21905,69.505
4.21829,69.51899999999999
4.21754,69.517
4.21678,69.523
4.21602,69.537
4.21526,69.537
4.21451,69.545
4.21375,69.574
4.21299,69.56099999999999
4.21224,69.562
4.21148,69.568
4.21073,69.568
4.20997,69.568
4.20922,69.572
4.20846,69.572
4.20771,69.58800000000001
4.20695,69.60499999999999
4.2062,69.613
4.20545,69.614
4.20469,69.631
4.20394,69.637
4.20319,69.64099999999999
4.20244,69.64099999999999
4.20168,69.658
4.20093,69.66
4.20018,69.67
4.19943,69.69
4.19868,69.694
4.19793,69.702
4.19718,69.71199999999999
4.19643,69.716
4.19568,69.719
4.19493,69.714
4.19418,69.726
4.19343,69.734
4.19268,69.716
4.19193,69.747
4.19119,69.724
4.19044,69.754
4.18969,69.742
4.18894,69.756
4.1882,69.77499999999999
4.18745,69.75200000000001
4.18671,69.814
4.18596,69.755
4.18522,69.817
4.18447,69.78
4.18373,69.849
4.18299,69.731
4.18226,69.917
4.18153,69.76599999999999
4.18082,69.875
4.18013,69.745
4.17948,69.917
4.17889,69.915
4.17842,69.795
4.17813,69.868
4.17811,69.589
4.17838,69.729
4.17891,69.37100000000001
4.17916,69.674
4.17847,69.51
4.17622,69.94200000000001
4.17327,69.911
4.17118,69.921
4.17079,69.95700000000001
4.17132,69.724
4.17128,69.958
4.16995,69.902
4.16799,69.964
4.1667,69.96900000000001
4.16645,69.833
4.16642,70.03
4.16569,69.922
4.16429,69.92399999999999
4.16305,69.932
4.16246,69.931
4.16218,70.035
4.16155,69.98
4.16047,69.932
4.1594,69.999
4.1587,70.014
4.15824,70.041
4.15761,70.038
4.15669,69.985
4.15574,69.994
4.15501,70.028
4.15444,70.00699999999999
4.15378,70.05
4.15295,70.011
4.15209,70.014
4.15135,70.088
4.15071,70.06099999999999
4.15003,70.095
4.14925,70.023
4.14844,70.05799999999999
4.1477,70.102
4.14702,70.063
4.14633,70.12899999999999
4.14558,70.05799999999999
4.1448,70.086
4.14406,70.163
4.14336,70.09
4.14266,70.162
4.14193,70.095
4.14117,70.12899999999999
4.14043,70.178
4.13972,70.102
4.13901,70.20100000000001
4.13829,70.14099999999999
4.13755,70.158
4.13681,70.199
4.13609,70.163
4.13538,70.242
4.13466,70.18299999999999
4.13393,70.215
4.1332,70.203
4.13248,70.19999999999999
4.13176,70.25200000000001
4.13104,70.209
4.13032,70.25200000000001
4.12959,70.241
4.12887,70.249
4.12815,70.275
4.12743,70.254
4.12671,70.297
4.12599,70.262
4.12527,70.249
4.12455,70.295
4.12383,70.275
4.12311,70.307
4.1224,70.291
4.12168,70.301
4.12096,70.304
4.12024,70.308
4.11952,70.33
4.1188,70.308
4.11809,70.314
4.11737,70.30999999999999
4.11665,70.333
4.11593,70.342
4.11522,70.332
4.1145,70.35
4.11379,70.332
4.11307,70.364
4.11235,70.372
4.11164,70.36
4.11092,70.379
4.11021,70.366
4.1095,70.389
4.10878,70.382
4.10807,70.38600000000001
4.10735,70.389
4.10664,70.394
4.10593,70.401
4.10521,70.39800000000001
4.1045,70.404
4.10379,70.404
4.10308,70.39999999999999
4.10236,70.431
4.10165,70.429
4.10094,70.441
4.10023,70.44
4.09952,70.441
4.09881,70.47
4.0981,70.467
4.09739,70.487
4.09668,70.491
4.09597,70.50699999999999
4.09526,70.50699999999999
4.09455,70.509
4.09384,70.523
4.09313,70.504
4.09242,70.523
4.09171,70.518
4.091,70.532
4.09029,70.551
4.08959,70.56099999999999
4.08888,70.56
4.08817,70.572
4.08746,70.572
4.08676,70.573
4.08605,70.56700000000001
4.08534,70.573
4.08464,70.573
4.08393,70.57900000000001
4.08322,70.596
4.08252,70.596
4.08181,70.621
4.08111,70.625
4.0804,70.627
4.0797,70.633
4.07899,70.64099999999999
4.07829,70.65
4.07758,70.661
4.07688,70.665
4.07618,70.67099999999999
4.07547,70.682
4.07477,70.7
4.07407,70.707
4.07336,70.709
4.07266,70.709
4.07196,70.703
4.07126,70.722
4.07055,70.744
4.06985,70.746
4.06915,70.744
4.06845,70.746
4.06775,70.749
4.06705,70.745
4.06635,70.767
4.06565,70.767
4.06495,70.76599999999999
4.06425,70.76599999999999
4.06355,70.76599999999999
4.06285,70.76599999999999
4.06215,70.76599999999999
4.06145,70.768
4.06075,70.775
4.06005,70.781
4.05935,70.788
4.05865,70.788
4.05795,70.79299999999999
4.05726,70.80199999999999
4.05656,70.80300000000001
4.05586,70.80300000000001
4.05516,70.808
4.05447,70.808
4.05377,70.828
4.05307,70.84
4.05238,70.851
4.05168,70.857
4.05098,70.871
4.05029,70.878
4.04959,70.879
4.0489,70.895
4.0482,70.895
4.04751,70.902
4.04681,70.907
4.04612,70.911
4.04542,70.911
4.04473,70.921
4.04403,70.929
4.04334,70.929
4.04265,70.933
4.04195,70.935
4.04126,70.93599999999999
4.04057,70.937
4.03988,70.939
4.03918,70.939
4.03849,70.93599999999999
4.0378,70.93599999999999
4.03711,70.952
4.03642,70.967
4.03572,70.963
4.03503,70.963
4.03434,70.966
4.03365,70.968
4.03296,70.99
4.03227,71.0
4.03158,70.993
4.03089,71.00800000000001
4.0302,71.006
4.02951,71.012
4.02882,71.012
4.02813,71.013
4.02744,71.006
4.02675,71.012
4.02606,71.006
4.02538,71.032
4.02469,71.019
4.024,71.023
4.02331,71.03399999999999
4.02262,71.023
4.02194,71.029
4.02125,71.044
4.02056,71.043
4.01988,71.051
4.01919,71.039
4.0185,71.06
4.01782,71.05799999999999
4.01713,71.05799999999999
4.01644,71.05799999999999
4.01576,71.063
4.01507,71.074
4.01439,71.08
4.0137,71.08
4.01302,71.09400000000001
4.01233,71.1
4.01165,71.101
4.01096,71.116
4.01028,71.119
4.0096,71.12
4.00891,71.119
4.00823,71.14200000000001
4.00755,71.133
4.00686,71.153
4.00618,71.138
4.0055,71.153
4.00481,71.154
4.00413,71.179
4.00345,71.165
4.00277,71.17599999999999
4.00209,71.167
4.0014,71.177
4.00072,71.17599999999999
4.00004,71.17599999999999
3.99936,71.222
3.99868,71.178
3.99801,71.218
3.99733,71.20100000000001
3.99665,71.253
3.99598,71.273
3.99532,71.25
3.99467,71.31
3.99403,71.279
3.99343,71.317
3.99287,71.163
3.99238,71.37
3.99203,71.075
3.99184,71.328
3.9919,70.959
3.99217,71.242
3.99252,70.67
3.99246,71.28
3.99148,70.988
3.98933,71.431
3.98684,71.389
3.98516,71.32300000000001
3.98478,71.434
3.98511,71.10600000000001
3.98509,71.41999999999999
3.98412,71.2
3.9825,71.419
3.98113,71.385
3.98057,71.23
3.98047,71.473
3.98013,71.223
3.9792,71.481
3.97799,71.405
3.97705,71.451
3.97657,71.475
3.97622,71.297
3.97561,71.50999999999999
3.97469,71.456
3.97375,71.465
3.97305,71.49799999999999
3.97256,71.443
3.97202,71.536
3.97129,71.509
3.97045,71.511
3.96968,71.53399999999999
3.96907,71.543
3.9685,71.56700000000001
3.96786,71.533
3.96712,71.53699999999999
3.96636,71.543
3.96568,71.559
3.96506,71.57
3.96444,71.611
3.96376,71.572
3.96304,71.56700000000001
3.96234,71.556
3.96168,71.607
3.96105,71.585
3.9604,71.624
3.95972,71.569
3.95902,71.595
3.95834,71.601
3.95769,71.61
3.95704,71.633
3.95638,71.60300000000001
3.9557,71.60300000000001
3.95502,71.622
3.95435,71.621
3.9537,71.639
3.95304,71.63199999999999
3.95238,71.636
3.95171,71.66900000000001
3.95104,71.65
3.95037,71.627
3.94971,71.65899999999999
3.94905,71.662
3.94839,71.67999999999999
3.94772,71.658
3.94706,71.684
3.94639,71.69
3.94573,71.681
3.94507,71.684
3.94441,71.68299999999999
3.94375,71.71499999999999
3.94308,71.706
3.94242,71.70400000000001
3.94176,71.712
3.9411,71.714
3.94044,71.71
3.93978,71.744
3.93912,71.74000000000001
3.93846,71.744
3.9378,71.75399999999999
3.93714,71.76
3.93648,71.751
3.93582,71.757
3.93516,71.786
3.9345,71.765
3.93384,71.764
3.93318,71.79299999999999
3.93252,71.78999999999999
3.93186,71.80199999999999
3.93121,71.798
3.93055,71.811
3.92989,71.811
3.92923,71.818
3.92857,71.817
3.92792,71.83500000000001
3.92726,71.831
3.9266,71.842
3.92594,71.855
3.92529,71.87
3.92463,71.859
3.92397,71.873
3.92332,71.87
3.92266,71.87599999999999
3.922,71.882
3.92135,71.887
3.92069,71.89
3.92004,71.891
3.91938,71.899
3.91873,71.893
3.91807,71.92699999999999
3.91742,71.90299999999999
3.91676,71.946
3.91611,71.921
3.91545,71.954
3.9148,71.947
3.91414,71.947
3.91349,71.953
3.91284,71.951
3.91218,71.95
3.91153,71.956
3.91088,71.965
3.91022,71.961
3.90957,71.965
3.90892,71.97099999999999
3.90826,71.973
3.90761,71.982
3.90696,71.982
3.90631,71.982
3.90566,71.976
3.905,71.96900000000001
3.90435,71.989
3.9037,71.989
3.90305,71.989
3.9024,71.986
3.90175,72.003
3.9011,71.989
3.90045,71.99799999999999
3.8998,71.99
3.89915,71.99799999999999
3.89849,72.014
3.89785,72.019
3.8972,72.038
3.89655,72.03399999999999
3.8959,72.039
3.89525,72.053
3.8946,72.05799999999999
3.89395,72.064
3.8933,72.06
3.89265,72.068
3.892,72.06
3.89135,72.064
3.89071,72.071
3.89006,72.083
3.88941,72.092
3.88876,72.10600000000001
3.88811,72.13000000000001
3.88747,72.14699999999999
3.88682,72.149
3.88617,72.149
3.88553,72.15599999999999
3.88488,72.15599999999999
3.88423,72.163
3.88359,72.163
3.88294,72.175
3.88229,72.172
3.88165,72.185
3.881,72.202
3.88036,72.202
3.87971,72.205
3.87907,72.20299999999999
3.87842,72.202
3.87778,72.2
3.87713,72.202
3.87649,72.202
3.87584,72.209
3.8752,72.21600000000001
3.87455,72.234
3.87391,72.234
3.87326,72.234
3.87262,72.245
3.87198,72.245
3.87133,72.239
3.87069,72.241
3.87005,72.245
3.8694,72.25
3.86876,72.25
3.86812,72.26700000000001
3.86748,72.26
3.86683,72.26599999999999
3.86619,72.258
3.86555,72.27
3.86491,72.26599999999999
3.86427,72.26599999999999
3.86362,72.26599999999999
3.86298,72.28
3.86234,72.274
3.8617,72.28
3.86106,72.282
3.86042,72.282
3.85978,72.292
3.85914,72.28999999999999
3.8585,72.304
3.85786,72.30199999999999
3.85722,72.318
3.85658,72.32600000000001
3.85594,72.32600000000001
3.8553,72.32300000000001
3.85466,72.33500000000001
3.85402,72.34
3.85338,72.351
3.85274,72.344
3.8521,72.354
3.85146,72.347
3.85083,72.361
3.85019,72.351
3.84955,72.36399999999999
3.84891,72.35000000000001
3.84827,72.371
3.84764,72.366
3.847,72.37599999999999
3.84636,72.379
3.84573,72.387
3.84509,72.39
3.84445,72.396
3.84382,72.40299999999999
3.84318,72.44500000000001
3.84255,72.419
3.84192,72.434
3.8413,72.431
3.84068,72.407
3.84008,72.426
3.8395,72.478
3.83896,72.43
3.83848,72.488
3.8381,72.425
3.83788,72.38900000000001
3.83788,72.309
3.83818,72.00999999999999
3.83868,72.18299999999999
3.83914,71.777
3.83885,72.196
3.83732,72.275
3.83468,72.463
3.83224,72.547
3.83117,72.46000000000001
3.83141,72.419
3.83188,72.303
3.83145,72.50999999999999
3.82996,72.49
3.82828,72.51100000000001
3.82738,72.469
3.8273,72.424
3.82725,72.502
3.82656,72.52
3.82533,72.617
3.82424,72.614
3.8237,72.543
3.82346,72.502
3.82301,72.56
3.82214,72.628
3.82117,72.596
3.82046,72.54
3.82002,72.565
3.81957,72.568
3.81889,72.643
3.81806,72.603
3.81731,72.64699999999999
3.81675,72.61999999999999
3.81625,72.587
3.81565,72.64
3.81493,72.643
3.8142,72.609
3.81357,72.65
3.81301,72.70299999999999
3.81244,72.685
3.81178,72.687
3.81109,72.668
3.81044,72.71
3.80984,72.68299999999999
3.80925,72.69200000000001
3.80863,72.7
3.80798,72.684
3.80732,72.698
3.8067,72.726
3.80609,72.734
3.80549,72.72
3.80486,72.759
3.80421,72.709
3.80358,72.708
3.80296,72.773
3.80235,72.743
3.80173,72.76700000000001
3.8011,72.722
3.80047,72.724
3.79984,72.736
3.79923,72.75399999999999
3.79861,72.806
3.79799,72.75399999999999
3.79736,72.77
3.79674,72.773
3.79612,72.762
3.7955,72.795
3.79488,72.785
3.79426,72.82
3.79364,72.82
3.79301,72.845
3.79239,72.829
3.79177,72.848
3.79116,72.863
3.79054,72.861
3.78991,72.843
3.78929,72.873
3.78867,72.895
3.78806,72.872
3.78744,72.867
3.78682,72.882
3.7862,72.893
3.78558,72.882
3.78496,72.886
3.78434,72.911
3.78372,72.912
3.78311,72.929
3.78249,72.917
3.78187,72.936
3.78125,72.935
3.78064,72.936
3.78002,72.94500000000001
3.7794,72.94
3.77878,72.94500000000001
3.77817,72.968
3.77755,72.949
3.77693,72.956
3.77632,72.991
3.7757,72.959
3.77508,72.987
3.77447,72.962
3.77385,72.993
3.77324,73.001
3.77262,73.004
3.77201,73.02300000000001
3.77139,73.006
3.77078,73.02499999999999
3.77016,73.02300000000001
3.76955,73.02499999999999
3.76893,73.033
3.76832,73.043
3.7677,73.043
3.76709,73.058
3.76647,73.053
3.76586,73.064
3.76524,73.04899999999999
3.76463,73.06899999999999
3.76402,73.05199999999999
3.7634,73.04899999999999
3.76279,73.064
3.76218,73.06700000000001
3.76156,73.08
3.76095,73.096
3.76034,73.085
3.75972,73.107
3.75911,73.107
3.7585,73.102
3.75789,73.11800000000001
3.75728,73.115
3.75666,73.119
3.75605,73.115
3.75544,73.136
3.75483,73.14500000000001
3.75422,73.14699999999999
3.75361,73.149
3.75299,73.149
3.75238,73.15700000000001
3.75177,73.15700000000001
3.75116,73.168
3.75055,73.193
3.74994,73.198
3.74933,73.207
3.74872,73.208
3.74811,73.211
3.7475,73.237
3.74689,73.245
3.74628,73.262
3.74567,73.26599999999999
3.74506,73.27
3.74445,73.268
3.74384,73.28099999999999
3.74323,73.283
3.74263,73.291
3.74202,73.291
3.74141,73.291
3.7408,73.287
3.74019,73.287
3.73958,73.298
3.73898,73.30799999999999
3.73837,73.315
3.73776,73.315
3.73715,73.32600000000001
3.73654,73.32600000000001
3.73594,73.328
3.73533,73.328
3.73472,73.328
3.73412,73.334
3.73351,73.337
3.7329,73.339
3.7323,73.342
3.73169,73.351
3.73108,73.363
3.73048,73.371
3.72987,73.38799999999999
3.72927,73.38900000000001
3.72866,73.38900000000001
3.72805,73.40100000000001
3.72745,73.423
3.72684,73.431
3.72624,73.436
3.72563,73.436
3.72503,73.436
3.72442,73.441
3.72382,73.441
3.72321,73.444
3.72261,73.446
3.72201,73.449
3.7214,73.458
3.7208,73.465
3.72019,73.485
3.71959,73.479
3.71899,73.47399999999999
3.71838,73.473
3.71778,73.473
3.71718,73.482
3.71657,73.48400000000001
3.71597,73.488
3.71537,73.49
3.71477,73.492
3.71416,73.492
3.71356,73.492
3.71296,73.492
3.71236,73.493
3.71176,73.493
3.71115,73.504
3.71055,73.514
3.70995,73.52
3.70935,73.521
3.70875,73.52300000000001
3.70815,73.531
3.70755,73.533
3.70694,73.536
3.70634,73.536
3.70574,73.541
3.70514,73.541
3.70454,73.544
3.70394,73.553
3.70334,73.566
3.70274,73.57000000000001
3.70214,73.57000000000001
3.70154,73.574
3.70094,73.566
3.70034,73.581
3.69975,73.578
3.69915,73.592
3.69855,73.578
3.69795,73.59400000000001
3.69735,73.587
3.69675,73.595
3.69615,73.603
3.69555,73.6
3.69496,73.613
3.69436,73.592
3.69376,73.611
3.69317,73.614
3.69257,73.63199999999999
3.69197,73.649
3.69138,73.634
3.69079,73.665
3.69021,73.628
3.68963,73.642
3.68907,73.637
3.68853,73.624
3.68802,73.615
3.68759,73.642
3.68726,73.526
3.6871,73.634
3.68719,73.316
3.6876,73.37700000000001
3.68827,73.169
3.68891,73.088
3.68875,73.215
3.68719,73.636
3.68436,73.62100000000001
3.68176,73.724
3.68071,73.663
3.68114,73.442
3.68176,73.655
3.6813,73.533
3.67968,73.691
3.67795,73.70100000000001
3.67719,73.627
3.67728,73.693
3.67727,73.625
3.67647,73.741
3.67517,73.751
3.67417,73.719
3.67381,73.78
3.67365,73.651
3.67314,73.71799999999999
3.67219,73.812
3.67126,73.807
3.6707,73.723
3.67036,73.748
3.6699,73.746
3.66916,73.839
3.66835,73.795
3.66771,73.749
3.66725,73.8
3.66678,73.785
3.66614,73.85199999999999
3.66542,73.79299999999999
3.66476,73.801
3.66423,73.901
3.66372,73.782
3.66314,73.87599999999999
3.66248,73.8
3.66184,73.818
3.66126,73.888
3.66072,73.825
3.66016,73.892
3.65954,73.802
3.65892,73.801
3.65832,73.873
3.65776,73.84100000000001
3.65719,73.925
3.6566,73.81299999999999
3.656,73.866
3.65539,73.866
3.65481,73.831
3.65425,73.943
3.65367,73.856
3.65307,73.874
3.65248,73.894
3.65189,73.858
3.65131,73.919
3.65074,73.866
3.65015,73.895
3.64956,73.894
3.64897,73.896
3.64839,73.905
3.64781,73.87
3.64723,73.922
3.64665,73.895
3.64606,73.898
3.64547,73.899
3.64489,73.923
3.64431,73.911
3.64373,73.932
3.64315,73.92999999999999
3.64257,73.949
3.64198,73.96000000000001
3.6414,73.935
3.64082,73.958
3.64024,73.943
3.63966,73.958
3.63908,73.947
3.6385,73.94800000000001
3.63792,73.947
3.63734,73.954
3.63676,73.958
3.63617,73.965
3.63559,73.978
3.63501,73.991
3.63443,73.978
3.63385,73.983
3.63327,73.991
3.63269,74.003
3.63211,73.997
3.63154,73.99799999999999
3.63096,74.008
3.63038,74.024
3.6298,74.039
3.62922,74.051
3.62864,74.027
3.62806,74.048
3.62748,74.05000000000001
3.6269,74.043
3.62633,74.06700000000001
3.62575,74.064
3.62517,74.066
3.62459,74.071
3.62402,74.074
3.62344,74.087
3.62286,74.09599999999999
3.62228,74.11
3.62171,74.127
3.62113,74.132
3.62055,74.13
3.61998,74.141
3.6194,74.141
3.61882,74.141
3.61825,74.151
3.61767,74.143
3.61709,74.167
3.61652,74.16
3.61594,74.185
3.61537,74.202
3.61479,74.21
3.61421,74.21600000000001
3.61364,74.21
3.61306,74.22
3.61249,74.214
3.61191,74.221
3.61134,74.223
3.61076,74.229
3.61019,74.229
3.60961,74.23100000000001
3.60904,74.25
3.60847,74.244
3.60789,74.252
3.60732,74.252
3.60674,74.252
3.60617,74.252
3.6056,74.25
3.60502,74.276
3.60445,74.285
3.60388,74.283
3.6033,74.285
3.60273,74.288
3.60216,74.288
3.60158,74.29299999999999
3.60101,74.30099999999999
3.60044,74.30099999999999
3.59987,74.31
3.59929,74.316
3.59872,74.316
3.59815,74.316
3.59758,74.319
3.59701,74.33999999999999
3.59643,74.34100000000001
3.59586,74.342
3.59529,74.342
3.59472,74.347
3.59415,74.356
3.59358,74.356
3.59301,74.356
3.59244,74.356
3.59187,74.369
3.59129,74.369
3.59072,74.369
3.59015,74.36500000000001
3.58958,74.369
3.58901,74.38900000000001
3.58844,74.38900000000001
3.58787,74.396
3.5873,74.412
3.58674,74.412
3.58617,74.41799999999999
3.5856,74.425
3.58503,74.425
3.58446,74.442
3.58389,74.442
3.58332,74.442
3.58275,74.458
3.58218,74.467
3.58162,74.483
3.58105,74.476
3.58048,74.484
3.57991,74.48
3.57934,74.483
3.57877,74.48599999999999
3.57821,74.494
3.57764,74.494
3.57707,74.504
3.5765,74.51100000000001
3.57594,74.504
3.57537,74.51100000000001
3.5748,74.504
3.57424,74.515
3.57367,74.515
3.5731,74.528
3.57254,74.528
3.57197,74.535
3.57141,74.533
3.57084,74.546
3.57027,74.53999999999999
3.56971,74.56099999999999
3.56914,74.565
3.56858,74.58500000000001
3.56801,74.578
3.56745,74.583
3.56688,74.583
3.56632,74.583
3.56575,74.583
3.56519,74.58500000000001
3.56462,74.592
3.56406,74.58500000000001
3.56349,74.588
3.56293,74.59700000000001
3.56236,74.614
3.5618,74.614
3.56124,74.62100000000001
3.56067,74.629
3.56011,74.643
3.55955,74.636
3.55898,74.644
3.55842,74.663
3.55786,74.665
3.55729,74.67
3.55673,74.675
3.55617,74.67099999999999
3.5556,74.68
3.55504,74.691
3.55448,74.696
3.55392,74.697
3.55335,74.70400000000001
3.55279,74.70599999999999
3.55223,74.72800000000001
3.55167,74.71
3.55111,74.733
3.55055,74.727
3.54998,74.75500000000001
3.54942,74.72999999999999
3.54886,74.761
3.5483,74.736
3.54774,74.771
3.54718,74.74199999999999
3.54662,74.761
3.54606,74.76
3.54551,74.785
3.54495,74.78399999999999
3.5444,74.787
3.54386,74.855
3.54332,74.831
3.5428,74.909
3.54231,74.827
3.54187,74.804
3.5415,74.83999999999999
3.54126,74.766
3.5412,74.834
3.54141,74.58
3.54193,74.516
3.54263,74.53999999999999
3.54314,74.454
3.54267,74.554
3.5408,74.86500000000001
3.53798,74.933
3.53572,74.965
3.53505,74.859
3.53561,74.74199999999999
3.53612,74.857
3.53551,74.881
3.53389,74.949
3.5323,74.939
3.53166,74.882
3.53179,74.872
3.53176,74.868
3.531,74.92
3.52977,74.886
3.52881,74.991
3.52845,74.939
3.52831,74.9
3.52787,74.933
3.52701,74.995
3.52611,74.969
3.52552,75.007
3.5252,75.016
3.52481,74.97500000000001
3.52417,75.01400000000001
3.52339,74.98599999999999
3.52274,75.012
3.52227,75.005
3.52185,75.006
3.52131,75.007
3.52065,74.99900000000001
3.52,74.995
3.51946,75.027
3.51898,75.079
3.51848,75.01299999999999
3.51789,75.034
3.51727,75.02600000000001
3.51669,75.039
3.51617,75.076
3.51566,75.036
3.51511,75.07000000000001
3.51453,75.05
3.51395,75.058
3.5134,75.081
3.51288,75.068
3.51234,75.08
3.51179,75.068
3.51122,75.069
3.51066,75.066
3.51012,75.064
3.50958,75.127
3.50904,75.071
3.50848,75.07300000000001
3.50792,75.086
3.50737,75.091
3.50683,75.126
3.50629,75.08399999999999
3.50574,75.118
3.50519,75.098
3.50464,75.11
3.50409,75.10900000000001
3.50355,75.106
3.503,75.132
3.50246,75.118
3.50191,75.119
3.50136,75.14
3.50081,75.10900000000001
3.50027,75.143
3.49973,75.122
3.49918,75.164
3.49863,75.12
3.49809,75.142
3.49754,75.17200000000001
3.497,75.14
3.49645,75.202
3.49591,75.166
3.49536,75.2
3.49482,75.19
3.49427,75.187
3.49373,75.199
3.49319,75.20599999999999
3.49264,75.213
3.4921,75.20400000000001
3.49155,75.227
3.49101,75.227
3.49047,75.21799999999999
3.48992,75.246
3.48938,75.228
3.48884,75.25699999999999
3.48829,75.25699999999999
3.48775,75.28399999999999
3.48721,75.28099999999999
3.48667,75.273
3.48612,75.298
3.48558,75.286
3.48504,75.304
3.4845,75.292
3.48395,75.3
3.48341,75.307
3.48287,75.304
3.48233,75.318
3.48179,75.316
3.48125,75.331
3.48071,75.34100000000001
3.48016,75.36
3.47962,75.36
3.47908,75.352
3.47854,75.36699999999999
3.478,75.358
3.47746,75.376
3.47692,75.366
3.47638,75.381
3.47584,75.39099999999999
3.4753,75.39099999999999
3.47476,75.395
3.47422,75.39099999999999
3.47368,75.395
3.47314,75.39099999999999
3.4726,75.39099999999999
3.47206,75.4
3.47152,75.412
3.47098,75.422
3.47044,75.426
3.4699,75.422
3.46937,75.434
